Nama,Alamat,Latitude,Longitude
Astra Motor Pekalongan,Jl. Gajah Mada No. 25 Pekalongan,-6.889022,109.661217
Marabunta Sakti Wonosobo,JL. KYAI MUNTANG NO. 31,-7.20298,109.90076
Nusantara Sakti Solo,Jl. Kol. Sutarto No. 153 RT.002 RW. 002 Kel. Jebre,-7.559482,110.838475
Sanjaya Motor Sumpiuh,JL. RAYA KEBOKURA-SUMPIUH RT 01/01,-7.61222,109.35722
Astra Motor Salatiga,Jl. Brigjend Sudiarto No. 20 - 21,-7.331234,110.498956
Astra Motor Ngaliyan,Jl. Prof.Dr.Hamka Blok 1 NO.122,-6.990722,110.355571
Astra Motor Karanggading,JL. JENDRAL SUDIRMAN NO 251,-7.45639,110.22306
Kompo Motor Ajibarang,Jl. Raya Ajibarang No.6,-7.425556,109.074167
Cendana Harum Demak,Ds. Mranak RT.03 RW.01 Wonosalam,-6.885868,110.565884
Astra Motor Gombong (kebumen 2),Jl Yos Sudarso No 235 B RT 004,-7.608333,109.509722
Astra Motor Siliwangi,Jl. Jend. Sudirman 320 B Semarang,-6.983137,110.391164
Astra Motor Kudus,Jl. A. Yani Ruko Panjunan,-6.816304,110.838739
Dealer Honda Nusantara Sakti Bubakan,Jl. Cendrawasih No. 2,-6.969104,110.430358
Cv Wali Motor Demak,JL. PEMUDA NO. 984 RT.07 RW.06 BINTORO DEMAK,-6.89639,110.64083
Laksana Motor Agus Darmawan Purwodadi,"Jl. R. Suprapto 120, Purwodadi",-7.095371,110.36286
Saudara Motor (tunggul Sakti),JL. TENTARA PELAJAR NO.12,-7.285,110.09306
Honda Nusantara Jaya Purwokerto,Jl. Gatot Subroto 41,-7.423056,109.243056
Taruna Adiprima Motor Kudus,Jl. Jend. Sudirman 275-277,-6.803616,110.857126
Surya Motor Sragen,Jl. Raya Sukowati 285,-7.426125,111.026876
Timbul Jaya Motor Kaliwingko,Jl. Brigjen Sudiarto 26,-7.593512,110.822794
Muncul Jaya Motor Sugiono Jepara,Jl. Kol. Sugiono 59,-6.591872,110.659839
Dealer Honda Ramayana Solo Mandiri,JL. GATOT SUBROTO 162,-7.63952,110.27392
Taruna Adiprima Motor Pati,Jl. Pemuda 305,-6.75382,111.04709
Honda Naga Mas Motor Klaten Utara,Jl. Pemuda 2,-7.69124,110.60361
Tunasjaya Honda Motor Magelang,"Jl. Jend. Sudirman No.199, Trunan",-7.500278,110.223611
Muncul Jaya Sakti Pekalongan,Jl. Urip Sumoharjo 87,-6.902268,109.664279
Dealer & Ahass Honda Mustika Jaya Abadi,Jl. Jend Sudirman 140,-6.980769,110.399569
Honda Naga Mas Motor Klaten Tengah,Jl. Pemuda 204,-7.706986,110.599062
Timbul Jaya Motor Sukoharjo,Jl. Jend. Sudirman 167 Jombor,-7.672022,110.83874
"Dealer Honda Kendal & Ahass , Cendana Motor Cepiring Official",Jl. Raya No. 97 Cepiring,-6.925535,110.153522
Dealer Honda Nusantara Sakti Cilacap,Jl. R.E. Martadinata 71 B,-7.732778,109.003889
Kompo Motor Purbalingga,Jl. Jend. Sudirman 19,-7.388333,109.3575
Jaya Motor Welahan,Jl. Raya Welahan 45,-6.784862,110.721424
Tunasjaya Honda Motor Muntilan,"Jl. Pemuda 87, Pucungrejo",-7.585,110.287222
Honda Jaya Abadi Ungaran,Jl. Gatot Subroto 671 A Ungaran,-7.12635,110.40447
Ramayana Motor Sukoharjo,Jl. Jend. Sudirman No.128 Gayam,-7.670989,110.838859
Kurnia Kasih Dealer Motor Honda Karanganyar,Jl. Raya Lawu 356,-7.595994,110.947906
Kurnia Kasih Dealer Motor Honda Sragen,Jl. Raya Sukowati 332,-7.426918,111.025829
PT Kurnia Pratama Indoperkasa,Jl. KH. Mansyur 137,-6.897053,109.665353
54 Motor Pekalongan,Jl. Dr. Wahidin 31,-6.893637,109.679872
Timbul Jaya Motors - Dealer & Ahass Resmi Honda,Jl. Honggowongso 78,-7.571624,110.816913
Dealer Honda Nusantara Sakti Salatiga,Jl. Jend. Sudirman 92-93,-7.331614,110.505251
Kurnia Kasih Dealer Motor Honda Boyolali,Jl. Pandanaran no. 60,-7.537355,110.606136
Cv. Istana Jaya Abadi Ambarawa,Jl. Jend. Sudirman No.51,-7.254997,110.410248
Wahana Sinar Terang Juwana,Jl. W.R. Supratman 42,-6.71208,111.14642
Putragung Berkat Indah Cepu,Jl. Ronggolawe 83,-7.15217,111.58462
Dealer Honda Ramayana Jebres Depan Koramil,JL. IR. SUTAMI NO. 58,-7.56324,110.85096
Tunasjaya Honda Motor Kutoarjo,Jl. Diponegoro 75,-7.720833,109.914444
PT Armada Tunasjaya Temanggung,Jl. Tentara Pelajar Blok A dan B,-7.314722,110.178889
Cahaya Sakti Chandra Motor Solo,Jl. Yos Sudarso 280,-7.581518,110.820578
Honda Central Sakti Motor Kratonan Solo,Jl. Yos Sudarso 215,-7.577968,110.821404
Kompo Motor Banjarnegara,Jl. Letjend Suprapto No.125,-7.399722,109.683333
Dealer & Bengkel Honda Purwokerto | Sanjaya Motor Purwokerto,JL. JEND. SUDIRMAN 830 PURWOKERTO,-7.4275,109.25083
Abadi Motor,Jl. Pemuda 48,-6.97084,111.420984
Dealer Dan Ahass Surya Utama Perkasa Tegal,JL. A. YANI NO. 99 RT.01 RW.06,-6.96159,109.13857
Super Honda Semarang,JL. MAJAPAHIT NO.299,-7.0073,110.4585
Kurnia Kasih Dealer Motor Honda Wonogiri,Jl. A Yani no. 188,-7.812887,110.923978
Kurnia Kasih Motor Dealer Motor Honda Solo,Jl. Slamet Riyadi 490-492,-7.562433,110.7969
Honda Naga Mas Motor Tegal,Jl. A.R. Hakim 46,-6.873443,109.13611
Super Honda Brebes,JL. GAJAH MADA 125 C,-6.87597,109.06103
Honda Nusantara Jaya Wangon,Jl. Raya Wangon Timur 18 Wangon,-7.5175,109.06
Kompo Motor Wonosobo,Jl. S Parman No.63,-7.365278,109.901667
Pandean Baru Motor Purworejo,Jl. K.H.A.Dahlan No. 54,-7.709444,110.015833
Cendana Megah Santosa Purwodadi,Jl. R. Suprapto 101,-7.092245,110.913643
Muncul Jaya Motor Pemuda Jepara,"Jl. Pemuda 8 RT 3/7, Kel. Panggang Kec. Jepara",-6.595415,110.667132
Dealer Honda Nusantara Sakti Purworejo,Jl. A. Yani 297,-7.705833,110.02
Dealer Honda Nusantara Sakti Kebumen,Jl. Pahlawan No.120 A,-7.67,109.656111
Kompo Motor Kroya,Jl. Jend A Yani - Kroya No. 166,-7.6275,109.249444
Cendana Wangi Batang,Jl. Jend. Sudirman no 78,-6.906671,109.720569
Astra Motor Tegal1,Jl. A. Yani No. 19 Tegal,-6.875789,109.136074
Gaya Baru Motor Blora,Jl. Gunung Lawu 1,-6.969286,111.417854
54 Motor Batang,Jl. Urip Sumoharjo No.39 Sambong,-6.911818,109.741226
Astra Motor Klaten,Jl. Pemuda utara No. 83 Klaten,-7.700041,110.605078
Astra Motor Magelang (kedungsari),Jl. Jendral Sudirman 295,-7.487222,110.221389
Astra Motor Weleri,Jl. Raya Utama Timur 154 Weleri,-6.970658,110.076209
Astra Motor Cilacap,Jl. Gatot Subroto 104 C Cilacap,-7.711944,109.017222
Dealer Langgan Motor Tegal,Jl. AR. Hakim No. 11,-6.871282,109.136517
Tunggul Sakti Pemalang,Jl. Jend. Sudirman 77,-6.892369,109.401547
Dealer Honda Nusantara Sakti Purwokerto,Jl. Jend. Sudirman No.338,-7.425556,109.2325
Dealer & Bengkel Honda Cilacap | Sanjaya Motor Cilacap,JL. PERINTIS KEMERDEKAAN NO. 95,-7.69,109.03694
Astra Motor Majapahit Semarang,Jl. Majapahit No. 181 Semarang,-7.003459,110.450752
Astra Motor Blora 1,Jl. MR. Iskandar 47 Blora,-6.975562,111.411754
Astra Motor Palur,Jl. Raya Palur Km. 4,-7.335963,110.514832
Astra Motor Solo,Jl. Raya Solo Baru,-7.610192,110.814815
Astra Motor Sragen,Jl. Raya Sukowati 606/146 Sragen,-7.42908,111.01289
05783 Dealer & Ahass Honda Teguh Motor Gombong,JL. YOS SUDARSO NO.401,-7.60806,109.50611
Dealer Honda Nusantara Sakti Demak,Jl. Raya Kudus no. 178,-6.887238,110.651257
Muncul Jaya Motor Mayong Jepara,Dukuh Krajan RT 3/2,-6.751158,110.761296
Cendana Mulia Temanggung,Jl. Gatot Subroto No. 7,-7.315278,110.17
Astra Motor Center Pati,Jl. Pemuda No. 218,-6.741784,111.025538
Astra Motor Purbalingga,Jl. A. Yani 63 A,-7.390556,109.355
Astra Motor Purwokerto,Jl. Ruko Yos Sudarso blk C-D No.211,-7.420556,109.201111
Astra Motor Jepara,Jl. Diponegoro,-6.591797,110.666933
Cahaya Sakti Motor Karanganyar,"Jl. Lawu 460, Karanganyar",-7.592221,110.937171
Jaya Motor Pecangaan,Jl. Raya Pecangaan no. 45,-6.689382,110.707293
Super Honda Bumiayu,JL. DIPONEGORO 525 JTSAWIT BUMIAYU,-7.26203,109.00974
Honda Central Sakti Motor Wonogiri,Jl. A. Yani no. 141,-7.810302,110.924207
Honda Central Sakti Motor Nusukan,"Jl. K. Tendean no. 77, Nusukan",-7.54797,110.820931
Sps Motor Ajibarang,"Jl. Pancasan F8-F9, Ajibarang Wetan",-7.416111,109.078611
Surya Agung Motor Sokaraja,"Jl. Gatot Subroto, Ds Sokaraja Kdl",-7.459167,109.298889
Nusantara Sakti Kartasura,Jl. Jend Sudirman 179,-7.554344,110.747116
Honda Jaya Motor Kudus,Jl. Sunan Kudus 100,-6.806567,110.83689
Muncul Jaya Motor Bangsri,"Jl. Raya Bangsri RT 5 / 10, Kel. Bangsri",-6.522412,110.76392
Comal Abadi Motor,Jl. Jend Sudirman No.26,-6.898441,109.532442
Cempaka Motor Godong,"JL. JEND. SUDIRMAN 152, DS GODONG",-7.02232,110.77266
Jaya Abadi. Cv,Jl. Pemuda 226 A Boja,-7.10363,110.269256
Kurnia Kasih Motor Dealer Motor Honda Semarang,Jl. Perintis Kemerdekaan no. 178B,-7.064633,110.412065
Taruna Jaya Motor Solo,JL. VETERAN NO.180 KEC. SERENGAN,-7.58082,110.81735
Honda Cendana Sukorejo,Jl. Raya Sukorejo-Weleri RT.5 RW 2,-7.084193,110.042305
Cahaya Sakti Motor Karangpandan,"Jl. Lawu 215, Karangpandan",-7.615388,111.06036
Timbul Jaya Motor Boyolali,Jl. Raya Solo - Semarang,-7.51736,110.593077
Bengkel Ahass Jaya Abadi 7942,JL. GAJAH RAYA NO.22,-6.99626,110.44628
Abadi Motor Ambarawa,Jl. Jend. Sudirman No.100,-7.254031,110.413499
Super Honda Ketanggungan,"JL. KARTINI NO.413, KETANGGUNGAN",-6.93114,108.88912
Honda Naga Mas Motor Sukoharjo,Jl. Jend. Sudirman No.130 Gayam,-7.674955,110.839965
Osaka Motor,Jl. S. Parman Rt.05/04 No.84,-7.450278,109.243056
Cv. Mekar Chandra Jaya,Jl. Bhayangkara No.10,-7.300833,108.756944
Laksana Wira Motor,Jl. Gajah Mada No. 11 Kunden,-7.077611,111.08891
Dealer & Bengkel Honda Randudongkal | Sanjaya Motor Randudongkal,JL. JEND. SUDIRMAN N0. 21,-7.10016,109.33109
Dealer Honda Nusantara Sakti Magelang,Jl. Bambang Soegeng komplek ruko,-7.516667,110.225833
Honda Naga Mas Motor Brebes,Jl. P. Diponegoro No.109 Brebes,-6.87035,109.038086
Muncul Jaya Sakti Wiradesa,Jl. Raya Wiradesa No.482 Kepatihan,-6.891134,109.616095
Nusantara Sakti Penggaron,Jalan Brigjen Sudiarto No. 773,-7.020112,110.496139
Cv. Rama Jaya Wonogiri,Jl Jend Sudirman No 225 Bauresan,-7.818297,110.922707
Cahaya Sakti Motor Rajiman,Jl. Dr. Rajiman No.647 Laweyan,-7.568414,110.787696
Dealer & Bengkel Ahass Honda Jaya Motor Thamrin Semarang,Jl. MH Thamrin No.51,-6.986539,110.417417
Honda 54 Motor Limpung,Jl. Raya Sempu No. 389,-7.003372,109.925147
Astra Motor Slawi,Ruko Pasar Baru Blok B1 No. 1,-6.98611,109.14082
Astra Motor Mranggen,Jl. Raya Bandungrejo 20,-7.023504,110.506051
Honda Cendana Wangi Kedungwuni,Jl. Raya Ambokembang No. 117,-6.95201,109.649643
Astra Motor Pekalongan 2 - Kajen,Jl. Diponegoro No.815,-7.026804,109.584013
Astra Motor Randudongkal (pemalang 2),Jl. Jend Sudirman No 299,-7.099374,109.32198
Astra Motor Blora 2,"Jl. Diponegoro No. 48 RT 005,RW 005",-7.143594,111.595899
Laksana Motor Gubug,Jl. A. Yani No.46 Rt.03/02 Gubug,-7.052111,110.661148
Nagamas Motor Pedan,Jl. Raya Selatan Pasar Pedan No.4,-7.696533,110.701767
Timbul Jaya Motor Sragen,"Jl. Raya Solo - Sragen KM 12, Kel. Jati",-7.472268,110.928305
Zirang Honda A Yani,Jl. Achmad Yani No.170,-6.991345,110.425908
Honda Naga Mas Motor Slawi,Jl. Jend. A. Yani No. 109,-6.976563,109.140017
Astra Motor Pemalang,Jl. A. Yani No. 3 Pemalang,-6.890531,109.382647
Anugerah Utama Motor (aum) Purbalingga,Jl. Sudirman 142 A Purbalingga,-7.39,109.365556
Bonanza Muntilan,Jl. Pemuda Barat RT 017 RW 001,-7.578056,110.274722
Astra Motor Kebumen,Jl. Pemuda No.26,-7.671944,109.660278
Astra Motor Wonosobo,"Jl. Jend. A. Yani, RT 02/07 No.140",-7.373889,109.899444
Prima Zirang Utama Pati Honda,Jl. Dr. Susanto No. 18,-6.74849,111.04148
Cendana Mekar Wangi,Jl. A. Yani No.88 Kel.Bener Kec. Wiradesa,-6.890725,109.063205
Dealer Nusantara Sakti Sragen,Jl. Sukowati no.411,-7.422078,111.033909
Naga Mas Motor Wonogiri,Jl. Diponegoro Jatirejo RT.01/08,-7.812328,110.937962
Astra Motor Rembang,Pemuda no. 55,-6.715757,111.344243
Astra Motor Brebes 1 Ketanggungan,Jl A Yani No 50 Kel Brebes,-6.931187,108.893012
Astra Motor Majenang,Jl. Diponegoro No. 288,-7.298611,108.769444
Cv. Cendana Mulia Ungaran,Jalan Diponegoro No. 244,-7.141741,110.405993
Astra Motor Pati Pemuda,Jl. Panglima Sudirman 70 RT 04/01,-6.754184,111.04266
Honda Prima Pemalang,JL. MOHCTAR NO 9,-6.891274,109.380201
Cv Mitra Angkasa Jaya Utama Ungaran,Jl. Jend. Sudirman 130 RT 003 RW 004,-7.1846,110.293099
Dealer Honda Prima Batang & Ahass Prima Batang,JL. JEND. SUDIRMAN NO. 375,-6.906776,109.728133
Dealer Dan Ahass Cm Jaya Motor Demak,"Jl. Sultan Fatah 8, Kel. Jogoloyo, Kec. Wonosalam",-6.904214,110.626559
Dealer Wing & Bengkel Honda Banjarnegara | Sanjaya Motor Banjarnegara,JL. LETJEN SUPRAPTO NO.66,-7.39889,109.69028
Tunas Honda - Tdm Parakan,Jl. Raya Ngadirejo,-7.278611,110.097778
Cahaya Sakti Motor Sragen,"Jl. Raya Sukowati no, 412 Sragen",-7.424942,111.030364
Jaya Motor Rembang,Jl. Gajah Mada,-6.702135,111.326891
Honda Prima Kendal,JL. HABIPROYO NO.28,-6.92257,110.202313
Honda Nusantara Sakti,Jl. Yos Sudarso No.9 Kel.Mintaragen,-6.85526,109.1419
Cendana Giri Purworejo,Jl. Brigjend Katamso No. 44 A,-7.726389,110.003889
Kompo Motor Sokaraja,Jl. Jend. Sudirman RT 002/003,-7.456389,109.291667
Comal Abadi Motor Taman,Jl. Perintis Kemerdekaan,-6.89436,109.42254
Prima Zirang Utama Kudus,Jl. R. Agil Kusumadya 22,-6.827407,110.831516
Cahaya Sakti Motor Wonogiri,Jl A. Yani No 108,-7.805958,110.921763
Sanjaya Motor Sidareja,Jend Sudirman n0.166 Sidareja,-7.486389,108.810278
Zirang Honda Brebes,Jln P Diponegoro No 150 RT 5 RW 1,-6.868815,109.033047
Naga Mas Motor,Jl. Pandanaran no.347 RT 01/02,-7.519545,110.596802
Astra Motor Brebes 2 - Honda,Jl. Diponegoro,-7.256651,109.007293
Astra Motor Banjarnegara,JL. PEMUDA NO. 73 RT. 001 RW. 008,-7.39207,109.69655
Astra Motor Center Semarang,Jln. Gajah Mada No. 88,-6.978103,110.4211
Astra Motor Rembang 2,JL. Diponegoro No.15,-6.704322,111.333966
Astra Motor Lasem,Jl. Raya Lasem No.62,-6.696197,111.442341
PT. Netral Jaya Motor Sidareja,Jl. Jendral Sudirman 155 RT 03/04,-7.485278,108.796111
Zirang Setiabudi,Jl. Setiabudi No.205A RT 2 RW 2,-7.058055,110.414249
Taruna Jaya Motor Karanganyar,"JL. LAWU NO. 243, TEGALWINANGUN",-7.60338,110.97041
Astra Motor Brebes 3,JALAN DIPONEGORO NO.160,-6.867079,109.025688
Dealer Honda Nusantara Sakti Bumiayu,Jalan Diponegoro 187,-7.249433,109.006308
Honda Abadi Motor Parakan,JL KOSASIH NO 48,-7.28181,110.09939
Diler Resmi Motor Honda Terdekat Kebumen - Cendana Megah Lestari,JL. TENTARA PELAJAR NO. 50,-7.67314,109.67099
Astra Motor Tegal 2 (bongkok),Jl. Garuda Perum Bumi Bongkok Asri,-6.883186,109.187063
Astra Motor Ungaran,Jl. Diponegoro No. 758 Ungaran,-7.133289,110.403717
Astra Motor Kaliwungu,JL. RAYA BARAT NO 348,-6.953358,110.240788
Nusantara Sakti Nguter,Jl. Raya Solo Wonogiri No.39 Nguter,-7.730989,110.869967
Astra Motor Purwodadi,JL. JEND. SUDIRMAN NO. 29,-7.07807,110.91646
Astra Motor Batang,JL. P. DIPONEGORO NO 2,-6.90792,109.730839
Honda Prima Unggul Jaya,JL. WOLTER MONGINSIDI NO 17 A,-6.98663,110.47451
Astra Motor Purworejo,JL. JEND. SUDIRMAN NO.26A,-7.719722,110.000556
Motor Bathara Sakti,Jl. Soekarno Hatta 18,-6.999722,110.465556
Aneka Motor,Jl. Komodo Desa Kauman,-6.714444,111.143056
Padmanaba I,Jl. Raya Boyolali Kav . 789,-7.450833,110.542778
Taruna Motor Sport,Jl. Bhayangkara No.78,-7.576667,110.808889
Anugerah Motor,JL. P. DIPONEGORO 701 RT. 04/07,-7.26667,109.01333
Motor Cahaya Sejati,Jl. Raya Mranggen No. 27,-7.025278,110.513611
Sumber Karya,Jl. Raya Batu Lor 4,-7.977222,110.932778
Ud. Prima Jaya,JL. PROF. HAMKA NO. 7,-6.99444,110.34972
Judha Motor Ii,Tentara Pelajar 2,-7.717222,110.004722
Buana Sari Service,Jl. DR Muwardi 45 A rt.02 rw.07,-7.683889,110.8475
Rado Motor,Jl. Jend. Sudirman Timur No. 10 desa randudongkal,-7.099722,109.321667
Arie Indah Motor,Jl. Raya Kudus-Jepara Km. 5 Mijen,-6.791667,110.795
Family Motor,Jl. A. Yani No. 100 A,-7.381667,109.897222
Taruna Motor,JL. Raya Masaran No. 15,-7.466944,110.9375
Mega Berlian,Jl. Raya Sukowati Gemolong,-7.3975,110.828611
Karya Abadi,Jl. Raya Jatisrono,-7.826667,111.130556
Surya Motor,Jl. Mayjen.S.Parman NO. 97 DESA KAUMAN WIRADESA,-6.891667,109.613056
Wahana Abadi Motor,JL.JEND.A.YANI 39,-6.8725,109.045833
Mulya Jaya,"MOYORETNO RT.003 RW.012,DESA MATESIH",-7.650174,111.046485
Mercusuar Sakti Motor,JL. Pucang Gading 128 Mragen,-7.0399,110.494167
Naga Sakti,Jl.Ngesrep Timur V/75,-7.051389,110.426111
Koperasi Handayani,JL. TAMAN SISWA NO. 84,-7.055,110.39472
Bengkel Motor Gondang,RY. KLATEN-YOGYAKARTA KM.4,-7.721944,110.5625
Makmur Guna Santoso,Jl. Brigjend Sudiarto No. 45,-7.260833,110.406111
King Abadi Jaya,JL. DEPOK NO. 2,-6.97667,110.42056
Kranggan Aji Motor 2,JALAN SUNAN ABINAWA PESANTREN,-6.96111,110.15222
Ud Tugu Sekawan,DS. CENDONO RT 02/RW 03,-6.73889,110.86528
PT. Taruna Adiprima Motor,JL. KUDUS JEPARA NO. 510,-6.80167,110.82361
Inti Motor Ii,Jl. Urip Sumoharjo 91,-7.484722,110.233611
Ums Motor,JL. GARUDA MAS KAMPUS 2,-7.55641,110.76972
Karya Agung,Jl. Slamet Riyadi 376A,-7.566111,110.773889
Jawa Motor,Jl. Indrakila 19,-7.664444,109.656944
Motor Cahaya Baru,JL.TENTARA PELAJAR NO.05 KEL.JOMBLANG,-7.008611,110.432778
Cv Laretigo,JL. MERDEKA NO. 1,-6.99028,108.85222
Bagus Motor,Komplek Pertokoan Sempu Blok B No. 11 dan 12,-7.0275,109.924444
Sinar Sakti Motor,Jl. Raya Bandungrejo Km. 10.9 DS. Bandungrejo,-7.022778,110.504444
Karunia Motor,JL. JEND. SUDIRMAN NO. 145 RT.001 RW.007 SIDAREJA,-7.485,108.79167
Ria Motor,Jl. S. Parman No. 61A prajuritan bawah,-7.363889,109.899722
Buana Sari Motor,JL. RAYA PEDAN-CAWAS KM.1,-7.697778,110.704722
Kurnia Agung Motor,Jl. Cemuh No. 13,-6.925833,110.151944
Alfa Motor,JL.RAYA TIMUR NO.50 KALIWUNGU,-6.962778,110.258056
Sidodadi,JL. Siliwangi 26,-6.986667,110.362778
Cv Eka Jaya,Jl. A. Yani No. 72,-7.051389,110.658056
Waras Motor,Jl. Karanganyar,-6.963889,110.148056
Agatha Motor,DK Danyung Rt 03 Rw03,-7.596111,110.809444
Cv Laretigo,JL. JEND. SUDIRMAN 164 RT. 005/002,-6.9375,108.89056
Osh Motor,Jl. Jendral Suprapto 34 Sokaraja Rt. 01/04,-7.454722,109.304722
Indah Motor,Jl. Raya Bandar 24,-7.032778,109.798889
Maju Motor,JL. Raya Gembong Utara Kedungwuni,-6.968333,109.646389
Resmi Motor,Jl. Syailendra Raya Borobudur,-7.606389,110.209722
Servis Honda Surat,"JL. Bendo- Bayat, wedi",-7.733056,110.585278
Karyaguna,JL. TAMPINGAN BOJA KM. 1 NO. 1,-7.10556,110.28139
Sappitu,Kauman Barat RT.01/RW.05,-7.762222,110.696667
PT. Antaboga Intinusa P.,Jl.Pati-Kayen Km. 11,-6.8325,111.014167
Piramida Motor,KENDAL KIDUL RT. 33 RW. 14,-7.7525,111.016389
Tawangsari Tentrem,"Ds. Kwaron, RT.01 RW.09",-7.729444,110.798611
Padmanaba Ii,Perintis Kemerdekaan RT/RW 08/10,-7.545556,110.605
Kantong Motor I,JL. RM. HADI SUBENO RT 01 RW 06,-7.05056,110.31917
Fida Sejahtera,Jl. Raya Wolter Mongisidi No.6,-6.9575,110.484722
Mitra Buana,"Jl. Pedan - Karangdowo, Desa / Kel. Jetis Wetan",-7.698611,110.708056
Sriwijaya Motor,Jl. Sriwijaya 90,-7.004722,110.428611
Cv Br Dua Lima Tujuh Lima,JL. DR. RAJIMAN 415 BARON,-7.57139,110.80472
Priyangan Motor,Jl. Adisumarno No.68,-7.539722,110.745556
Bengkel Joglo,"JL.RAYA SRAGEN-SOLO KM.4,DK.NGEPOS,JETAK",-7.426182,110.994605
Jatimas Motor,Jl. Karangjati Tarub Tegal,-6.945278,109.184444
Osh Motor,JL. JEND. A YANI 5C KANDANGGAMPANG PURBALINGGA,-7.39444,109.35333
Tama Motor,Jl. Solo - Karanganyar Jetak Rt. 02/07,-7.575278,110.888056
Ria Prembun,Jl.Raya Prembun 3/1,-7.722222,109.793889
Wahana Motor,Ds.Pekiringan Alit RT 06/IV,-7.038611,109.562222
Bugangan Motor,Jl. Dieng No. 111,-7.344167,109.906944
Sri Wibowo Motor,Desa kebarongan Rt. 02/09,-7.594722,109.288611
Harapan Kita Motor,JL. TENTARA PELAJAR,-6.940833,110.213611
Karya Gemilang,"Jl. Purwantoro, Ponorogo",-7.847222,111.263333
Kendali Motor,Jl Raya Karang Rayung,-7.109167,110.780278
Cv. Surya Motor,"Jl. Sukowati, Dk Kauman",-7.397778,110.830556
Toko Morodadi,JL. JEND. SUDIRMAN NO. 89,-7.16452,110.41337
Sinar Mulia,DESA BRAMBANG RT 04 RW 01,-7.04528,110.58056
Kartono Motor,JL. RAYA BARAT LEBAKSIU RT 05/06,-7.046389,109.04612
Teknik Kita,JL. SOEKARNO HATTA NO. 33,-7.18139,110.42444
Ums Motor 2,JL.ADI SUCIPTO NO 23 KEL. BLUBUKAN,-7.54556,110.77556
Wk. Putra Motor,"JL.CELEP KIDUL RT.001/014,DS.DAGEN KEC.JATEN",-7.567528,110.896861
Cv Kurnia Motor,DUKUH PABRIK,-7.36494,110.63861
Sarang Motor,Jl. AW. Sumarno No. 8 Purbalingga Lor Rt. 01/03,-7.741944,110.3625
Kersana Motor,"Slamet Riyadi 80,",-6.931389,108.859167
Raya Motor,Dsn. karangsari Rt. 07/02 Ds. Kawunganten Cilacap,-7.592222,108.918056
Piramida Baru Motor,"JL.KENTENG RT.02 RW.01,NGADIROJO KIDUL",-7.814444,110.986944
Kharisma Motor,JL. SUNAN BONANG NO. 16 DUKUHWALUH,-7.41167,109.26944
Indah Jaya Motor,Jl.Kedungmundu Raya No.84,-7.018476,110.455673
Prima Motor,Jl. Sawunggalih No. 33 Kutoarjo,-7.724167,109.910556
Horizon Motor Ii,JL. KH. A. Dahlan No. 40 Rt. 01 RW. 09,-6.973611,110.067222
Kurnia Agung Ii,DS KEBUMEN KEC.SUKOREJO,-7.08472,110.03861
Bengkel Morodadi,JL. SUYUDONO NO. 182,-6.99028,110.40361
Restu Buana,JL.RAYA NO. 18 SUMPIUH RT. 02/01,-7.61333,109.36528
Menoreh Sakti Motor,Jl. Menoreh Raya No.7,-7.009167,110.394167
Cv Sanjaya Gemilang,JL. JENDERAL SUDIRMAN NO. 705,-7.42722,109.25139
Wahana Motor Ii,Jl. Bahurekso Kec.Kajen,-7.021389,109.548611
Jaya Motor,JL. ADISUCIPTO 98,-7.51556,110.74528
Hasil Karya,Jl. Tugu Timur 26 RT 03/03 Sampang Cilacap,-7.561667,109.202222
Chandra Jaya Motor,Jl Letnan Suwaji 234,-7.28,110.102222
Anugerah Motor,Jl. Gatot Subroto No.10 Bulurejo,-7.495,110.211667
Cv Sahabat Sejati,JL. JATIMULYO NO. 12,-7.0555,110.4328
Kantong Motor Ii,KP.MAGERSARI RT.02 RW II KEL.GUNUNGPATI,-7.087013,110.362039
Jati Mas Motor,TRENGGULI,-6.87417,110.69833
Motor Gemilang Cahaya,JL. ANJASMORO RAYA NO.58-A KEL.KARANGAYU,-6.97946,110.389744
Zahra,Jl. Kedung Mundu 29,-7.017079,110.454965
Taruna Motor Ii,Jl. Raya Timur Km.6,-7.400278,111.061944
Cv Birawa Jaya,JL. KEDUNGMUNDU RAYA NO. 654,-7.02457,110.46735
Grias Motor,Jl.Raya Timur Jati Barang 77,-6.968056,109.061944
Salaman Motor,Jl. Raya Salaman-Magelang,-7.580278,110.141667
Manteb Motor,Jl. Raya Gulon 9,-7.593333,110.293889
Rajawali Motor,Jl. Raya Karangrejo No. 115,-6.914444,110.608333
Dipo Jaya Sakti,Jl. Diponegoro No. 188,-7.283455,110.461475
Nirwana Motor,Jl. Raya Timur 130 Weleri,-6.971944,110.075556
Phantes,Jl. Raya Gabus-Tambakromo,-6.831667,111.054444
Tumpang Sari Motor,Jln. Kol. Sugiri Bobotsari Purbalingga,-7.310833,109.364722
Cv. Bintang Makmur Jaya Semarang,JL. SIMONGAN NO. 44,-6.99415,110.39841
Kondang Pratama Motor,"Jl. Raya Blabak, Mungkid",-7.555,110.253333
Merdeka Motor,JL. RAYA KERTEK-WONOSOBO 86 JAMBURSARI,-7.38806,109.96222
Idola Motor,JL. NGADIREJO - PARAKAN PETIRREJO NGADIREJO,-7.39472,110.10306
Panca Putra,Jl. Pratomo No. 1 Komplek SPBU Winong,-6.7329,111.009342
Shinta Motor,JL. ACHMAD YANI 587,-7.4625,109.431944
Andalan Jaya Motor,Kyai Sirait Grabag,-7.552778,110.252778
Mitra Sejati,Jl. Argandaru No. 7 Bukateja,-7.432778,109.433056
Jawa Motor,JL RAYA KEBUMEN NO.45 LUNDONG,-7.71944,109.74278
Lancar Manis,Raya Jeruk Legi,-7.623333,109.019722
Koko Motor,A. Yani 99 Rt. 07 Rw. 03 Desa Bugel,-7.021111,110.763889
Adisena Motor,jl. Mawar No. 34 Bedodo Blimbing,-7.591944,110.743611
Satria Motor,Gerilya 575,-7.440833,109.24
Cv Timbul Agung,DUSUN SAWAHAN,-7.61417,110.78222
Cv Ngudi Luhur,JL. KYAI MOJO NO. 43B,-7.58667,110.83444
Tsumma Jaya,Raya Barat Margasari 9,-7.093333,109.0175
Simongan Jaya,"Simongan Kav 26,195 A",-7.003056,110.393056
Jatayu Motor,DK Palur Rt. 03 Rw. 22 DS. Palur,-7.566667,110.868333
Obe Motor,Tonjong Timur 3,-7.184167,109.021389
Sri Wibowo Ii,JL.LAUT 876 RT 02/08 ADIPALA,-7.654586,109.117641
Ud Citra Family,JL. LETJEND. S. PARMAN NO.7 A PARAKANCANGGAH,-7.39222,109.71278
Bintang Motor,Jl. Jend A. Yani 537 Rt. 14/4 Kroya,-7.631389,109.248889
Aswaja Motor,Jl. Raya mandiraja no. 131 A,-7.4525,109.519722
Cv. Abadi,JL.RAYA KUNDURAN NO.23A,-7.05028,111.24444
Pandawa Motor,DS DAYEUHLUHUR RT 01/03 DAYEUHLUHUR CILACAP,-7.257053,108.608455
Kharisma Jaya,Jumapolo RT 02/01,-7.704444,111.004444
Abimayu Motor,Raya Patimuan 01/06,-7.624722,108.752778
Sinar Mulya,Karangrejo 94-96,-7.029722,110.411944
Cv Karya Manunggal Mandiri,JL. RAYA PAMOTAN NO. 7,-6.76139,111.48944
Sumber Langgan,Raya Patikraja,-7.487778,109.2225
Indo Tama,Ds. Pekalongan Rt. 01 Rw. 05,-6.812222,111.1025
Star Jaya,Ds. Cilongok Rt. 01/04 Cilongok Banyumas,-7.400833,109.130833
Kinoki Motorindo,"Dk. Margorejo, Ds. Puro",-7.448611,111.023333
PT. Armada Tunas Jaya,JL. REVOLUSI NO. 44 KEBUMEN,-7.63056,109.56917
Cv Laretigo,JL. JENDERAL SUDIRMAN,-6.94526,108.97944
Berkah Motor,JL. LETJEND S. PARMAN NO. 65,-7.405,109.375
Indrajaya Motor,Jl Sokarno Hatta 173 Rt 3/04,-7.664722,109.465
Marabunta,Jl. Kyai Muntang 31 Rt. 07/02 Wonosobo Timur,-7.367778,109.903611
Dora Motor,Raya Purwodadi-Purworejo,-7.796944,110.001111
Serayu Jaya Motor,Kaliori rt.02/05,-7.5075,109.296111
Sentral Motor,KALIBENING RT. 02/03 KALIBENING BANJARNEGARA,-7.22111,109.63917
Gloria Motor Ii,Raya Petarukan 111,-6.895,109.455556
Ss Motor,Raya Blado,-7.068333,109.833611
Wali Motor,JL. NURCAHYA NO. 63 RT. 05 RW. 08,-6.88639,110.63861
Rantau Indah Motor,DESA BOLOAGUNG RT.01/01,-6.86111,111.00194
Cv Kalioso Motor,JL. SOLO - PURWODADI KM 12 SAMBIREJO,-7.46083,110.805
Surat Motor 2,"Dsn. Bicak, Ds. Barangkal, Kec.Wedi",-7.778611,110.625
Motor Cahaya Utama,"Untung Suropati 101, Kav 17",-7.011667,110.377778
Toko Surya,Raya 11 Kel Jepon,-6.974722,111.480833
Muria Motor,"Raya Jekulo 210, RT01/09",-6.806111,110.919444
Randu Garut Motor,JL.RANDU GARUT No. 5 RT5/RWVIII,-6.975556,110.319167
Bringin Motor,"Diponegoro 150,Rt 07/01",-7.253611,110.516944
Andong Motor,Jl. Raya Kecangan Andong,-7.374167,110.761944
Kompo Motor,Desa Sumampir Rt. 05/02,-7.303056,109.517222
Akmal Jaya Motor,Jl. P. Diponegoro No. 87 Rt. 01 Rw. 04 Purwodadi,-7.107222,110.911944
Bagus Motor 2,Desa Subah Rt 03/Rw 04,-6.970833,109.873611
Karya Mandiri,"Ngulu Wetan, Rt 01/03",-8.053889,110.809167
Cv. Bina Putra,JL. KUDUS-PURWODADI KM 7,-6.86972,110.82194
PT. Putragung Berkat Indah,Jl.Rongolawe 49,-7.193056,111.395
Tangguh Motor,Jl. Mayjend Sungkono km. 5,-7.431667,109.334444
Agung Utomo Motor,Jl.Pemandian Pengging Ds.Dukuh,-7.552222,110.674722
Kusuma Motor,Jl. Honggokusuman No. 52,-7.123889,111.126389
Setiawan Motor,Ds. Tunjung Rt. 02/02 Jatilawang Banyumas,-7.533333,109.114444
Wali Motor 4,JL.WOLTER MONGINSIDI NO.59 RT 2 RW 2,-6.958533,110.479352
Cv Panca Putra,JL.RAYA PATI-TAYU KM.8 DS. WEDARIJAKSA RT.06 RW.II,-6.67833,111.07222
Mandiri Jaya Abadi,Ds. Tayu Wetan RT.07/RW.01,-6.539444,111.049167
Cv. Saudara Dua,"JL. LINGKAR MONDOTEKO, KEL.MONDOTEKO, KEC.REMBANG",-6.73194,111.345
Ganesha Putra Motor,Jl. Raya Gandrungmangu,-7.493056,108.820833
Cv Laretigo,JL. RAYA LARANGAN,-7.00556,108.94694
Cv Bpk,JL. LETJEND SUTOYO NO 8 RT 005,-7.55111,110.82982
Hardi Bagus Motor,"Jl. Samanhudi , SD Trayeman",-6.963333,109.133611
Agista Motor,Jl. Sawah Gede RT 02 RW 03,-7.159722,108.806667
Cv. Pramudhita Manggala Stone,"Jl Margoyoso Pati,",-6.610278,111.065
Blok M,Jl Jepara-Bangsri KM 09 Desa Jambu,-6.529167,110.700833
Daya Motor,JL. RAYA TEMANGGUNG NO. 163,-7.39139,110.24639
Gloria Motor,JL. JEND. SUDIRMAN NO. 15 RT. 01 RW. 04,-6.890833,109.391944
PT. Armada Tunasjaya,JL. PROF. DR. HR. BUNYAMIN RT. 01/04 PABUARAN,-7.83889,110.39139
Elang Sakti Motor,JL. MAGELANG - YOGYAKARTA KM.7 RANDUGUNTING,-7.542222,110.236667
Agung Kusuma,KELURAHAN SRAGI KEC.SRAGI KAB.PEKALONGAN,-6.933333,109.564167
Sumber Purnama Sakti,JL. RAYA SUDAGARAN RT 003/001,-7.51739,109.294056
Galuh Motor,RUKO PRAKASA INDAH RT 005 RW 002,-7.6325,110.6025
Shinta Abadi Motor,JL RAYA PURWONEGORO RT 03/04,-7.4397,109.551174
Adi Motor,JL. PEMUDA 89,-6.921809,110.196908
Cv Kembangan Sakti,JL. RATU KALINYAMAT KRAPYAK RT 01/02,-6.61412,110.66475
Cv Anugerah Jaya Motor,JL. GATOT SUBROTO NO. 231,-7.70371,109.02307
Bintang Motor Ii,JL. MERDEKA 216 RT 02/01,-7.668586,109.266521
Grida Motor,JL. FATMAWATI NO.85 RT.2/3,-7.016678,110.471851
Wahana Mulya Santosa,JL. RAYA AJIBARANG NO. 33 RT 01/07,-7.405213,109.085431
Adiaz Motor,"JL. RAYA MAGELANG - PURWEREJO KM 10,6",-7.546518,110.163632
Mitra Rasa,"JL. LETTU SUGIARNO KM 1,9",-7.59201,110.270634
Wali Motor 2,JL. GANESHA 721 RT 4 RW 6,-6.812519,110.82597
Mandiri Motor,JL JENDRAL SUDIRMAN 130 RT 02/04,-7.423551,109.218669
Mitra Utama,JL. PALA 19 NO 15 RT 01/12,-6.873428,109.15368
Koko Motor 2,RT 04 RW 03,-7.022591,110.692274
H S O Cabang Semarang,JL. RAYA KARANGLO NO.8,-7.022591,110.692274
Winarto Motor,SAMPANGAN JL.SALAK NO.89,-6.885789,109.675206
Jaya Abadi Motor,JL. RAYA SURADADI RT 03 RW 01,-6.874041,109.269764
Mendolo Motor,JL. MAYJEND BAMBANG SUGENG MENDOLO RT 001/001,-7.36799,109.924285
Mega Berlian,"PANTIREJO RT.02,KEL.GABUGAN,KEC.TANON",-7.397579,110.828765
Karunia Motor 2,JL.AMPERA 63 RT.01/02 SUDAGARAN,-7.29103,108.48339
By Pass Motor 5,SUROBAYAN RT 002/001 KEL.GEDAREN KEC.JATINOM,-7.62801,110.594496
Ud Dian Motor,"JL.PEMUDA NO.278 PATI KEL.KALIDORO,PATI",-6.753946,111.048608
Persada Motor,"JL.RAYA KESESI - KAJEN, DS.KESESI",-7.014606,109.503564
Aw Motor,JL. STADION SELATAN NO.202 KEL. KARANG KIDUL,-6.990478,110.43133
Rahardjo Motor,JL. ADI SUMARMO 235 RT.002/002 KEL. BANYUANYAR,-7.538679,110.804459
Anugrah Mulia,"SIRAJUDIN NO.11 KEL.TEMBALANG, KEC.TEMBALANG",-7.056469,110.435648
Sukses Jaya,Jl. Jend. A. Yani 47 RT.03/01 Tambakreja,-7.73369,109.007173
Handayani Motor 2,JL.KOLONEL HADIYANTO NO.2,-7.044561,110.390778
Cv Anugerah Motor,JL KIMANGUN SARKORO,-6.889807,109.698613
Wahyu Buana,JL SONGGOLANGIT-GENTAN RT.06 RW.13,-7.584883,110.784646
Cv Anugerah Utama,JL.JEND SUDIRMAN 140,-7.390071,109.363404
Cv Anugerahutama,JL RAYA WALIK KM.5 KUTASARI,-7.357335,109.329418
Cv Cipta Jaya Pratama Pati,"JL RAYA PATI TAYU KM.2, KEL.TAMBAHARJO, KEC.PATI",-6.72094,111.053467
Kanggotan Motor,Jl. Kanggotan 18,-7.565278,110.835278
Inti Motor,Jl. A. Yani 31,-7.471111,110.2175
Cv. 54 Motor,JL.HAYAM WURUK 90,-6.893611,109.666944
Ud. Agung Motor,Jl.Pemuda 54,-7.141111,111.593611
Cv Jaya Abadi,Jl. Karangsaru 21,-6.980516,110.430996
Karya Tunggal Motor,Jl. Kabupaten No. 49,-7.814722,110.924444
Judha Motor,JL. MAYJEND SUTOYO NO. 49,-7.71972,110.00056
Sukses Motor,Jl. P. Diponegoro 32,-7.291944,110.164167
Servis Honda Bima,Jl. Merbabu No.36,-7.707778,110.595833
Kranggan Aji Motor,JL. RAYA BATANG - KENDAL,-6.92111,110.18861
Horizon Motor,Jl. Raya Utara No. 238,-6.971944,110.066944
Agung Motor,Jl. Veteran No. 3,-6.58953,110.664722
Erisa Motor,Jl.Panjaitan 31,-7.398056,109.691944
Taruna Adhi Motor,Jl. Moh Yamin No. 16,-7.5775,110.820556
Taruna Motor,Jl.Jawa No.1,-7.425,111.029444
Toko Mekar Kurnia Kompo,JL. JEND SUDIRMAN NO. 19 PURBALINGGA KULON,-7.38861,109.35611
Toko Aneka Motor,JL. RAYA JUWANA - REMBANG KM 1,-6.71861,111.15222
Cv Indah Motor,JL. P DIPONEGORO NO.177 KUTOARJO,-7.72306,109.9075
Setiawan Motor,Jl. Raya Utara Wangon 104 Rt. 01/03 Wangon,-7.517778,109.060556
Taruna Motor,"JL.YOS SUDARSO NO.185,RT 003 RW 006",-7.578056,110.821667
Hosana Motor,Jl. MT. Haryono 52,-7.316111,110.173611
Taruna Jaya Motor,Jl. Lawu Timur 161 - Karanganyar,-7.59992,110.961389
Cv Spectra Jaya Niaga,JL. P. DIPONEGORO NO. 48 RT/RW 003/015,-6.86889,109.03194
Rachmat Motor,JL. DR. SUTOMO NO. 1,-6.96583,111.41306
Cv Sinar Asaku Sukses,JL. JENDRAL SUDIRMAN NO. 33,-7.25056,110.41639
Sragen Honda Servis,"DK MUNGKUNG,KEL.JETAK,KEC.SIDOHARJO",-7.433611,110.993056
Langgan Jaya Motor,Jl. Raya Banjaran Selatan No. 25,-6.958056,109.138333
Chandra Motor,Jl. Yos Sudarso 227 Gombong Kebumen,-7.608889,109.515
By Pass Motor 2,JL.PANDANARAN NO.213,-7.52833,110.60139
Agung Motor Dua Jepara,Jl. Shima Km 2,-6.587222,110.676667
PT. Naga Mas Mitra Sejati,Jl. Diponegoro 2,-6.868333,109.136389
Motor Cahaya Sakti,Jl. Tlogosari Raya No. 12,-6.988889,110.458333
By Pass Motor 3,"KIOS SRI MULYO NO.14,PRAMBANAN",-7.75504,110.50184
Brahma Motor,Jl. Sukun Raya No.55,-7.066389,110.418056
Surya Cipta Pratama,JL. DR. CIPTO NO. 82,-6.9825,110.43544
Sumber Jaya Sakti Motor,Jl. Pandanaran No. 21,-7.538333,110.608333
Kartika Motor Ii,JL. JEND SUDIRMAN 185 A,-7.33972,110.50861
Taruna Star Motor,"JL.KOL.SUTARTO NO.122,RT 001 RW 026",-7.557336,110.847331
Motor Cahaya Abadi,Jl. Kaligarang Raya No. 54,-6.996111,110.403056
PT. Armada Tunas Jaya,JL. A. YANI NO. 244-246 ARMADA ESTATE,-7.45111,110.22389
Bintang Sakti,Jl. Hasanudin Raya No. 496 A,-6.966667,110.411389
Anugrah Jaya,JL. MR. Sutan Syahrir Km 5/266,-6.956111,110.465833
Toko Menajaya Motor,JAGALAN,-6.97778,110.42722
Karya Mulia,"Jl.RM Said, Singodutan",-7.796944,110.906667
Maju Jaya Motor,JL. JENDERAL ACHMAD YANI NO. 48,-7.33417,110.50222
By Pass Motor 4,"JL.RAYA SOLO-YOGYA NO.185,KEL.SABRANG,KEC.DELANGGU",-7.62376,110.69746
Timbul Jaya Motor,JL.KP TENDEAN NO.196 RT 001 RW 015,-7.541667,110.820278
Sumber,Jl. Raya Sukowati 111,-7.42974,111.008056
Mandala Motor,JL. KH AGUS SALIM NO 224,-6.817778,110.840833
Krida Jaya Motor,JL.LAWU BARAT NO.567 TEGALARUM RT.002 RW.013,-7.590278,110.929444
Buana Sari Motor Ii,JL.SLAMET RIYADI NO 53,-7.553611,110.739722
Gawerejo Motor,Jl. Rm Said No. 200,-7.5575,110.813333
Galuh Motor,"JL.BANDARA ADISUMARMO 91,COLOMADU",-7.529494,110.748037
Jawa Motor,Jl. A Yani 350,-7.7125,110.016944
Ratu Motor,Jl. A Yani No. 30 Purwosari,-6.904722,109.533611
Ud. Ajima Motor,BANGSRI 01/13,-6.52556,110.76028
Cv. Cipta Jaya Rembang,JL. RAYA TANJUNGAN - KRAGAN,-6.70936,111.63414
Toko Bintang Motor,Pasar Porda Juwana Kios No 7,-6.810278,110.838056
Naga jaya,Jl. A. Yani 28 A,-7.718793,110.0146
Surabaya motor,Jl. Letjen. Sukowati No. 25,-7.342943,110.509949
Cv Inti Karya Niaga,Jl. Brigjend Katamso No.04,-6.856389,109.131944
Lubar motor,Jl. Kol. Sugiono No. 2,-7.7103,110.0145
Sumber jaya motor,Jl. A. Yani 28 A,-7.714437,110.013413
Tugu besi motor,Jl. Pemuda No. 67,-7.584588,110.287156
Andalan motor,Jl. A. Yani No. 20 Ruko Permai,-7.533961,110.773633
JemberÂ motor,Jl. Ruko Jember Permai No. 12,-6.745556,110.7525
Siliwangi motor,Jl. Jend Sudirman No. 129A,-6.190896,110.397386
Berkat Jaya Motor,JL. GAJAH RAYA NO.161,-6.98645,110.4482
Cv.jaya Abadi,Jl.MT.Haryono No.399,-6.988122,110.43111
Cv Jaya Agung Motor,Jl.Yos Sudarso No.198,-7.577778,110.821667
Sayangan Motor,Jl.MT.Haryono No.28A,-7.000556,110.433056
Sidorejo Motor,"Ringin Mulyo , Danguran",-7.727778,110.586389
Cv.nagamas Surya Abadi,Jl.Pemuda No.66,-7.706508,110.59916
Toko Garuda Motor,Jl. Kratonan No.104,-7.577222,110.822222
Setia Jaya Motor,Kios Pasar Pesayangan,-6.814444,110.844444
Abadi Jaya Motor,"Jl.Jend.Sudirman , Makutoromo 21B",-7.255278,110.408889
Central Jaya Motor,Jl.MT.Haryono No.644,-7.000278,110.399444
Laksana Baru Motor,Jl.R.Suprapto No.112,-7.088056,110.914444
Hasil Perkasa Motor,Jl.Gajah Mada Ruko Pentungan No.5,-6.699444,111.321944
Indraprasta Motor,Jl.Indraprasta No.88,-6.978056,110.406667
Irvan Motor,Jl.Moh.Yamin No.2 A,-7.340556,110.494722
Taruna motor,Jl. Raya No. 641 Wiradesa,-6.891655,109.620591
Teguh bima motor,Jl. Cipto Mangunkusumo No. 171-173,-6.74762,111.028045
Toko Sami Aji,Jl.Tentara Pelajar Gedanganak,-7.008889,110.436389
Toko Olie Kurnia Alam,Jl. Tanjunghanom No.76,-7.585,110.819444
Mahkota Motor,Jl Johar No 93 Kel Wergu Wetan,-6.811111,110.846944
Seiabudi Motor,Ruko Setiabudo Kav 9-10 Banyumanik,-7.048611,110.419444
Nina Motor,Tahunan RT 01 RW 05 Desa Tuhunan,-6.589444,110.672222
Ud Kualitas Motor,Desa Karangbener RT 03 RW 04,-6.786667,110.88
Resh Motor,Karanggede-Gemolong KM 1 Kebonan,-7.361389,110.643889
Mataram mitra sentosa,Jl. MT Haryono No. 291,-6.978372,110.431153
Nusa indah,Jl. Jend. Sudirman No. 73,-6.980451,110.399191
Planet Motor,JL. LetJend Sukowati 47B,-7.331248,110.50209
Rahayu Motor,Jl. Kapten Patimura 403,-7.42018,109.19762
Sido Rejo Motor,Jl. Pandanaran Km.1,-7.728625,110.586909
Toko Sumber Wijaya,Jl.Gatot Subroto No.53,-6.974265,111.407275
Nusantara sakti,Jl. RE Martadinata 718,-7.7331,109.00385
Taruna Motor~,Jl. Raya 18,-7.402551,109.136312
Aneka Motor,Jl. Soegiyopranoto 44,-6.983023,110.405198
Anugrah Motor,Jl. Koprol Sayom No. 29,-7.703469,110.611651
Micheel motor,Jl. Jend. Sudirman 151 Babadan,-7.168188,110.414152
Soember kencana motor,Jl. DR Susanto No. 54 B,-6.746241,111.041567
Wr Jaya Motor,Jl. Merbabu 100,-7.531286,110.591669
Sukses Makmur Motor,Jl. Raya Banyumanik,-7.064375,110.412875
Tunggal Jaya,Jl. Tamtama 69,-6.976676,110.07198
Bengkel Syakura,Jl. Raya Karanganyar Gg Syeh,-6.96628,109.053321
Boby Motor,Jl Cempaka 13,-7.707752,110.600317
Trijaya Motor,Jl. Krekesan Ponggol II Grabag,-7.370784,110.323871
Eko jaya motor,Jl.Raya Wiradesa 454,-6.890956,109.622546
Sumber jaya motor,Jl. Depok 55,-6.977664,110.416921
Ud inti motor,Jl. Adi Sucipto 58 Solo,-7.537977,110.759236
Toko Bendo Gantungan,Jl. Dr. Suradji Tirtonegoro No. 57,-7.716944,110.585278
Maju Motor,Jl. Gembong Utara 48,-6.929797,109.727821
Central Motor,"Tambak Boyo RT 03/I no, 10",-7.258353,110.418854
Kirana motor,Jl. Mayjend Bambang Soegeng No. 6A,-7.522437,109.225616
Kusuma Jaya Motor,Jl.Pandanaran No.305,-7.521667,110.598333
Pemuda baru,Jl. Pahlawan No. 38,-7.670556,109.658333
Ariel Speed Shop,Jl. Genuk Pedurungan No. 20 Semarang,-6.57134,110.285019
Santos Motor,Jl.Wolter Monginsidi No.10 Rt.01/01,-6.983056,110.448611
Satria Motor,Jl. Wolter Monginsidi Genuk Semarang,-6.95456,110.543234
Santos Motor,Jl. Pasar Genuk 34 Semarang,-6.952874,110.480545
Anugrah Jaya,Jl. Kaligawe Raya KM. 5 26 C Semarang,-6.572184,110.2758
Surya Mitra Sejati,Jl. DR. Cipto 82 Semarang,-6.977859,110.435378
Nitto motor,Jl. Jati Raya H 10 Banyumanik,-7.069823,110.420835
Sidoharjo motor,Jl. MT Haryono 273,-6.977774,110.431158
Nusantara Sakti,Jl. Cendrawasih 2 Semarang,-6.969195,110.430271
Rajawali Sakti Motor,Jl. Mt Haryono 605A,-6.993215,110.431992
Usaha Jaya Motor,JL. JENDRAL SUDIRMAN NO.214,-6.98167,110.39585
Cv Karunia Usaha Jaya,JL.BRIGJEND.SUDIARTO NO.260A,-6.9805,110.40075
Bina motor,Jl. Puspowarno Raya No. 5,-6.982168,110.3954
Cv Rj Motor Semarang,Jl.Jend.Sudirman No.23,-6.98099,110.39951
Setia motor,Jl. Pemuda No. 118 C,-7.103908,110.274263
Bintang Motor,JL.SIMONGAN 115 A,-6.99405,110.3984
Jadi jaya,Jl. WR. Supratman No. 47,-6.99896,110.390218
Harapan Motor,Jl. Jend Sudirman 193 Semarang,-6.98176,110.394038
Denny Motor,JL.GAJAH NO.8,-6.98589,110.44804
Cv.jaya Sukses Rejeki,JL.GAJAH RAYA NO.161 A,-6.9867,110.44809
Yoko motor,Jl. Gajah Raya No. 35,-6.991364,110.447658
Heri Jaya Motor,Jl. Petek 128 Semarang,-6.96619,110.41813
Brotojoyo Motor,Jl. Brotojoyo Timur II No. 2A. Semarang,-6.965625,110.408154
Lion Motor,RUKO BERINGIN HILLS KAV.1 JL. BERINGIN RAYA,-6.98758,110.32933
Ac milan,Jl. Pondok Ngalian Asri K-30,-6.99213,110.351553
Lion Motor,Jl. Bringin Raya No. 1 Ruko Bringin Hills Est,-6.987566,110.329339
Tika Jaya Motor,Jl. Prof. Hamka,-6.994167,110.345
Pulung Motor,Jl. Pateran Rt 37/7 Plumbon Suruh,-7.367587,110.560814
CentralÂ motor,Jl. Majapahit No. 377,-7.007778,110.467222
Kondang jaya,Jl. Tegal Kangkung No. 155A,-7.02211,110.469651
PT. Prima Niaga Sejahtera,Jl. Tlogosari Raya 16 Semarang,-6.98104,110.39775
Lancar Motor,JL. SIDOMULYO RAYA NO. 3,-6.9789,110.46177
Cv Murah,JL. BRIGJEND. SUDIARTO NO.260A,-7.00577,110.45545
Sinar Abadi Motor,Jl. Soekarno Hatta 140 Semarang,-7.018817,110.480915
Murah Lengkap,Jl.Raya Cangkiran No.8,-7.058056,110.335556
Karunia Abadi Jaya,KP. CANGKIRAN RAYA RT 02/RW 03,-7.0874,110.30909
Kantong Motor,Jl. RayaManyaran Gunung Pati 21 Semarang,-7.087012,110.362046
Putro agung motor,Jl. Pandanaran No. 166,-7.425715,110.528588
Sentral Jaya Ban,Jl. Raden Patah 211,-6.962186,110.439473
Almas Motor,Jl.Raya Gunungpati-Manyaran Km.05 Rt.03/02,-7.0823,110.36069
Almas Motor,"JL. RAYA GUNUNGPATI – MANYARAN KM 0.5,SEMARANG",-7.08339,110.36095
Ida Motor,"Jl. Kelud Raya No.1,2,3",-7.001667,110.399444
Maximum Motor,Jl. Kelud Raya No. 60 Semarang,-7.004289,110.397753
Cv Rajawali Sakti Motor,"JL.MT HARYONO 605A, SEMARANG",-6.9932,110.43183
Toko Tiga Gelang,JL MATARAM NO 920,-7.00132,110.43345
Indoban,Jl. Dr Cipto 111A Semarang,-6.983761,110.434778
Jaya Baru Motor,Jl. Sriwijaya 90 Semarang,-7.004695,110.428974
Ud. Sriwijaya,Jl. Sriwijaya 90 Semarang,-6.977664,110.416921
Zigma Lumas,Jl.Suyudono No.52A,-6.986667,110.404722
Murah Motor,Jl. Majapahit 260A Semarang,-7.005984,110.455311
Jempol Jaya Motor,Jl. Fatmawati 46 Pedurungan Semarang,-7.01299,110.47246
Cv Jujur Maju Jaya,"JL. KARANGWULAN TIM. NO.84, JAGALAN",-6.98484,110.4301
Gajah Motor,Jl. Gajah Raya 142 Semarang,-6.989285,110.448137
Fajar Motor,Jl. Setia Budi No. 201,-7.046667,110.42
Unggul Motor,JL. SRI WIBOWO DALAM 148 KEMBANGARUM SEMARANG,-6.99218,110.37096
Makmur motor,Jl. Siliwangi No. 350,-6.986599,110.361696
Setia Budi Motor,Jl. Setia Budi 121 Kav. 9-10 Semarang,-7.049392,110.418763
Ragil Motor,Jl. Durian Selatan I Srondol Wetan Banyumanik,-7.061968,110.417454
Sukses Makmur Motor,Jl.Perintis Kemerdekaan No.196,-7.06404,110.41282
Rama motor,Jl.Jend Sudirman 49,-7.16121,110.412524
Satria Motor,Jl. Kedung Mundu 56,-7.012903,110.447767
SatriaÂ motor,Jl. Kedung Mundu 56,-7.036944,110.460833
Krisna Motor,DK. JOYOREJAN RT.006,-7.39412,110.82819
Nusa Indah Ii,Jl. Kedung Mundu 132 Semarang,-7.013389,110.451285
Elang Motor,JL. ELANG RAYA RT02/05,-7.03527,110.46129
Batas Kota,Jl. Gatot Subroto No. 3 Ungaran,-7.151672,110.409413
Toko Anugerah,JL. JAYA BAYA NO.8,-7.16331,110.41338
Ramee Motor,MIJEN RT.02/06 KEL. MIJEN KEC. MIJEN SEMARANG,-7.06398,110.3114
Jati Jaya Motor,JL. RM. HADI SOEBONO,-7.05775,110.31363
Kios 88,Jl. Moh Yamin 88 Ungaran,-7.126378,110.409943
Devi Motor,JL.Kartini No.15,-7.264154,110.418708
Kudus Motor,Jl. Jend. Sudirman 137,-7.25808,110.405239
Gemilang Motor,Jl. Slamet Riyadi 14 Kupang Ambarawa,-7.257038,110.404899
Sinar Motor,Jl. Jendral Sudirman 33 Ambarawa,-7.255031,110.410088
Imanuel Motor,Jl. Kartini 4 Tambakboyo Ambarawa,-7.258928,110.418811
ElektrisÂ motor,Jl. Mt. Haryono 229,-7.000833,110.433333
Cv Jujur Maju Jaya,JL. KARANGWULAN TIMUR NO. 138A,-6.98499,110.4301
Merdeka motor,Jl. MT Haryono No. 662 A,-6.98495,110.43167
Sahabat motor,Jl. MT Haryono No. 227,-6.974111,110.431111
Central Jaya Motor,Jl. Mt. Haryono 644,-6.984678,110.431712
Aneka Sakti Motor+++,Jl. MT Haryono 301,-6.97855,110.431195
213 Motor,Jl. Mt Haryono 213 Semarang,-6.976534,110.431095
Mataram Motor,Jl. M.T Haryono 422 Semarang,-6.97807,110.431609
Budi Jaya Motor,Jjl. A.Yani 62 Salatiga,-7.334543,110.501816
Wijaya motor,Jl. Pahlawan No. 12,-7.541572,110.603292
Famili motor,jl. Pandanaran No. 272,-7.52315,110.599189
Wijaya motor,Jl. Pandanaran No. 335,-7.520154,110.59729
Distro Ban,"Rejosari, Pulutan Rt 3/3 Salatiga",-7.316784,110.485847
Super Motor,Jl.Letjend.Sukowati No.27,-7.331381,110.503225
Surabaya Variasi,JL.SUKOWATI NO.46 RT.03/03,-7.33111,110.50258
Cv Sumber Sukses Salatiga,JL. SEMERU NO.2,-7.33194,110.50334
Cv Sumber Sejati,"JL. AHMAD YANI NO.31, KALICACING",-7.33407,110.502
Sumber sejati motor,Jl. Pertokoan Pandawa 30,-7.334218,110.502754
Super Motor,Jl. Sukowati No. 20 Salatiga,-7.331569,110.503163
Surabaya Jaya,"Jln. Jendral Sudirman 278 B, Kalicacing, Salatiga",-7.342918,110.510061
Yadi motor,Jl. Teuku Umar No. 45,-7.568452,110.823748
Sumber Baru Motor,Jl. Diponegoro 124A (Depan Pom Bensin Soka) Sltga,-7.305899,110.488079
Bambu kuning,Jl. Pattimura Km. 2 Beringin,-7.303292,110.510048
Harapan jaya motor,Jl. Muwardi I,-7.33503,110.507621
Royyan Jaya Motor,"Jl. Raya Tingkir-Suruh Km. 2,5 Salatiga",-7.362133,110.537415
Sumber berkat motor,Jl. Muwardi T-41,-7.333304,110.509002
Tresno Motor Bengkel,Jl. Fatmawati 164 Lopait Tuntang Salatiga,-7.282547,110.460919
Jampelan motor,"JL. DESA JAMPELAN RT02/02, JAMPELAN KAB. SEMARANG",-7.37684,110.44199
Purwodadi Motor,Jl. Raya Sruwen Salatiga Km 1/91,-7.42989,110.530357
Sikhom Motor,"Ds Tempel Rt 25/06, Plumbon, Suruh, Salatiga",-7.362862,110.533004
Hero Motor,Jl. Gajah Mada 48 Pekalongan,-6.888815,109.666766
HeroÂ motor,Jl. Gajah Mada No. 48,-6.888889,109.666389
Limpung motor,Jl. Raya Pungangan,-7.011304,109.922191
Toko Nusantara Motor,Jl.Gajah Mada No.44,-6.888957,109.666838
Aneka Motor,Jl. Raya Wiradesa 478 Pekalongan,-6.891809,109.619281
Ud. Diamond,Jl.Wr. Supratman 18 Pekalongan,-6.874298,109.676937
Toko Santoso Motor,JL.TERATE NO.126,-6.88949,109.6809
BerdikariÂ motor,Jl. Sultan Agung No. 106,-6.883333,109.675
Oscar Motor,Jl. Sultan Agung 123 Pekalongan,-6.970589,110.190648
Wisnu Rekso,Jl. Dr Sutomo 129 Pekalongan,-6.902947,109.688739
Cv. Berdikari,Jl. Sultan Agung 106 Sugihwaras Pekalongan,-6.92044,109.72475
Jaya Motor,Jl. Gajah Mada 76,-6.885873,109.667584
Eva Jaya Motor,Jl. Raya Sragi 7 Pekalongan,-6.920522,109.570482
Saba Putra Motor,Jl.Raya Sragi 965 Pekalongan,-6.925349,109.568311
Subur Motor,Jl.Diponegoro No.19 Rt.10 Rw.04,-7.028889,109.580278
Lumayan Motor,Jl.Diponegoro 701 Kajen Pekalongan,-7.0137,109.499005
Toko Jaya Motor,Jl.Gembong Utara No.8 Rt.03/14,-6.963333,109.646389
Putra Jaya,Jl. Raya Gembong 29 Kedungwuni,-6.96209,109.646971
Areza Motor,Jl Raya Karanganyar 40 Kajen,-7.02803,109.62615
Anjog Motor,"JL. SAWANGAN RT10/RW05, DORO, PEKALONGAN",-7.02916,109.68473
Wahana Motor Iii,JL. KUTOSARI,-7.01602,109.68971
Berkah Bersama,JL.YOS SUDARSO KOMPLEK RUKO NO.8,-6.9062,109.73046
Amelia Jaya Motor,JL.DESA MENGUNENG WARUNG ASEM,-6.92515,109.7
Gapura,Jl. Warung Asem Pekalongan,-6.900678,109.533159
Usaha Baru Motor,Jl Re Martadinata 175B Batang,-6.907364,109.731762
Chrisma Motor,Jl. Raya Subah 78B Batang,-6.941913,109.775957
Toko Sanjaya Motor,Jl.Raya Limpung,-7.016389,109.921944
Mandala Bhumi,Jl.Raya No.54,-7.015556,109.923056
Wijaya Motor,JL. RAYA LIMPUNG - TERSONO KM 01 BABADAN LIMPUNG,-7.01716,109.92654
Insan motor service,Komp. Terminal Lama No. 40,-7.039218,109.902051
Kisno motor,Jl. Raya Limpung No. 88 Batang,-7.040129,110.364055
Bagus Motor,Komplek Pertokoan Sempu Blok B11/12 Limpung,-7.011304,109.922191
Jayanti Indah Motor,Jl. Raya Bawang Km 8 (barat Rsi),-7.401836,109.614854
Puji Motor,Jl.Sukarno Hatta No.303,-6.92,110.202222
Kranggan Aji Motor,"Jl. Raya Barat, Kendal",-6.92326,110.199692
Jadi Jaya Motor,Jl. Raya 60A Cepring Kendal,-6.927431,110.144485
GunungÂ masÂ motor,Jl. Terminal Colt No. 14,-6.919722,110.063056
Karisma Motor,Jl.Utama Timur No.132,-6.97226,110.075497
Nirwana motor,Jl. Utama Timur No. 138,-6.972414,110.072914
Toko 27,Jl. Raya 128 Nawangsari Weleri Kendal,-6.971999,110.075677
Muncul Baru Motor,"Jl. Sujono 128, Sukorejo",-7.085251,110.032487
Harapan Motor,"Jl. Raya Sukorejo-Parakan Km. 1,5",-7.096696,110.058876
Nusa Indah Motor,Jl. Raya Kaliwungu 59 Kendal,-6.941975,110.233923
Sumber Mulia,Jl. Raya Barat 350 Kaliwungu Kendal,-6.955553,110.247285
Jono motor,JL. BEBENGAN GLAGAH RT.03/04 BOJA,-7.62278,110.15961
Yan Motor,Jl. Pasar Boja Blok G Boja-Kendal,-7.105992,110.260606
Jono Motor,Desa Bebengan,-7.10624,110.252311
Cv. Inti Karya Niaga,Jl. Brigjen Katamso 4 RT 04/08 Tegalsari,-6.8595,109.13775
Sahabat Motor,"JL JEND A.YANI NO 212 , MINTARAGEN, TEGAL",-6.8653,109.13658
Toko Sepeda Sahabat,Jl.A.Yani No.212 RT.002/001,-6.86572,109.13644
Cempaka Kusuma Korter,Jl.Cempaka No.2 Rt.07/05 Kejambon Tegal Timur Tega,-6.87611,109.1405
Lukman Jaya Motor,JL. CIPTO MANGUNKUSUMO 171-173 TEGAL,-6.87575,109.10405
Nusantara motor,Jl. Ar Hkim No. 7,-7.083188,110.914344
Gemilang Motor,Jl.AR.Hakim No.48,-6.870833,109.136389
Sumber langgan motor,Jl. AR Hakim No. 101-103,-6.874416,109.136482
Restu jaya motor,KIOS SAMPING PASAR PESAYANGAN TEGAL,-6.917524,109.134155
Lukman motor,Jl. DR. Cipto Mangunkusumo Rt.04/02,-6.87576,109.10404
Sumber Jadi Motor,"JL. SI KLEPUH NO.5 RT01/RW01. KRAMAT, TEGAL",-6.88589,109.15193
Jatimas Motor 2,JL. RAYA GARUDA DS. BABAKAN 02/04,-6.79532,109.18027
Bintang Motor,Jl. Palaraya Mejasem Barat Tegal,-6.886403,109.150792
Bina Makmur,JL. Pala Raya/Ruko Mejasem Asri 2 Tegal,-7.353926,109.311395
Aneka Motor,Jl. Raya Suradadi 99 Tegal,-6.875569,109.283245
Jati Mas Motor,Jl. Karang Jati Tarub Tegal,-6.947462,109.184108
Awang Motor,Jl. Karangjati RT. 04/02 Karangjati,-6.947457,109.188831
Gangsar Motor,Pagongan Rt.03/02,-6.90125,109.12471
Toko Lancar Motor,JL. RAYA II,-6.91101,109.12679
Gangsar Motor,Jl. Raya 2 Pagongan 44 Dukuhturi Tegal,-6.90506,109.126263
Jawad Putra,Jl. Teuku Umar 46 Debong Tengah Tegal,-6.885364,109.126675
Nusantara Jaya Motor,Jl. Kates Raya 38 Banjaran Adiwerna,-7.016973,110.454634
Hoki Jaya Motor,Jl.Raya Barat No.7,-6.95178,109.14582
Gedogan Motor,Jl.Letjend.Suprapto No.18,-6.858611,109.132778
Toko Han San Motor,JL. AGUS MIFTAH NO.2,-6.93907,108.88994
Surya Motor Variasi,JL.SUTOYO NO.28,-6.86822,109.03855
Central Motor,Jl. Letjen Suprapto 7 Brebes,-6.922373,108.832869
Cahaya Motor,Jl. P. Diponegoro 170 Brebes,-7.538153,110.622765
Sumber Motor@,Jl. Sultan Agung No. 6 Brebes,-6.873941,109.040127
Sumber Jaya Motor,Jl.Kh Ahmad Dahlan 5 Pasar Batang Brebes,-6.991469,109.138002
Toko Bani Djauhari,Jl. Raya Bulakamba Rt 02/02 Desa Bulusari,-6.87883,109.083922
Teguh Motor,Jl.Raya Barat No.183,-6.966667,109.056667
Bj Motor,Jl Raya Klampis Jatibarang Brebes,-6.860409,109.116161
Adi Mustika,Jl. Raya Barat 57 Jatibarang,-6.966437,109.051963
Mekar Sari Putra,Jati Barang Lor Brebes,-6.752652,111.051403
Buana Motor,DK.KEWADON,-6.92511,108.98859
Buana Motor,Jl.Raya Jatibarang Sitanggal Km 7 Larangan,-6.948596,108.96857
Naufalmotor,"JL. JENDRAL A. YANI RT 006/005 KETANGGUNGAN,BREBES",-6.9399,108.89213
Angkasa Motor,Jl. Jendral Sudirman Brebes,-6.941041,108.894715
Refy Jaya Motor,Jl.Pemuda N0.29 Rt.05/02,-6.92953,108.876
Sri jaya motor,Jl. Jend Sudirman 135,-6.89033,109.38806
Toko Widiasari,Jl. Slamet Riyadi 50 Kersana Ketanggungan,-6.929882,108.859183
Obe Motor,Jl. Raya Tonjong Timur 3 Tonjong Bumiayu,-7.18425,109.021309
Toko Garuda Motor / Ermawati,Jl.Raya Jatisawit No.49,-7.266111,109.012778
Sinar Motor,Jl.Raya Bumiayu Desa Jatisawit,-7.26024,109.00863
Duta Motor,Rt.06 Rw.05 Desa Kalierang,-7.25953,109.00853
Am Jaya Motor,Jl.Kh Ahmad Dahlan Pasar Batang Brebes,-6.864234,109.044738
Bsa Motor,Jl. Lingkar Bumiayu,-7.23777,109.01629
AsiaÂ motor,JL.URIP SUMOHARJO 37 PEMALANG,-6.884167,109.379167
Asia Motor,Jl. Urip Sumoharjo 37 Pemalang,-6.884281,109.377111
RejoÂ motor,Jl. Jenderal Sudirman 62,-6.890833,109.393611
Raip olie,Jl. Sudirman Timur 60,-6.890756,109.391671
Tk Motor,JL. DI PANJAITAN BOJONGBATA RT 02/02,-6.91974,109.38426
Rejo Motor,Jl.Jend.Sudirman 62 X,-6.890786,109.391623
Ud Cahaya Abadi,Jl.Jend.Sudirman Rt.01 Rw.05,-6.893429,109.408121
Latansa Motor,Jl. Jendral Sudirman Timur 51 Pemalang,-6.927225,109.403391
Nusantara motor,Jl. A. Yani No. 5,-6.900594,109.533428
Sidomukti motor,Jl. Jendral A.Yani 48 Comal,-6.899504,109.661442
Toko Saba Putra,DUKUH GEMBYANG RT02/14,-6.95362,109.50788
Super Motor,Jl.Mayjend.Sutoyo 23,-6.983056,109.145556
Jakarta Motor,Jl. Jend. Sudirman 21 Slawi,-6.990024,109.141091
Toko Jms Motor,JL. JEND. SUDIRMAN NO.17 RT03/06,-6.98939,109.14103
Satria Motor,Jl. Ahmad Yani No 2 Slawi,-7.136431,110.409878
Merpati Motor,Slawi Kulon Kec Slawi 004/004 Slawi,-6.988334,109.134782
Toko Jakarta Motor,Jl.Jend.Sudirman RT.003/006,-6.98927,109.14105
Kerabat Motor,Jl.Raya Barat No.15,-6.968611,109.056389
Karabat Motor,Jl. Raya Barat 15 Lebaksiu Tegal,-7.046749,109.14349
Bina Karya,Jl.Raya Margasari No.154,-7.096111,109.010556
Ayu Lestari Variasi,Jl.Raya Banjaranyar Batuagung,-7.091099,109.093525
Ayu Lestari,Jl. Batu Agung Balapulang Tegal,-6.997889,110.379823
Ayu Lestari Putri,Jl. Pramuka 83 Tegal,-7.051945,109.099379
Ba’is Motor,"JL. RAYA PURBAYASA,DEPAN GERBANG PURBAYASA",-6.9475,109.74556
Lancar jaya motor,Jl. Utara Pasar Balamoa No. 29,-6.947272,109.184286
Langgeng Langgan Motor,Jl. Raya Balamoa Derma Sandi Rt.8 Rw.1 19,-7.044384,109.100308
New Kondang Motor,JL Jend Sudirman 745,-7.429006,109.254859
Cv Putra Mandiri Persada,JL. JEND. SUPRAPTO 78 RT.01/07,-7.42399,109.24392
Roma motor,Jl.Jend. Suprapto No 56,-7.424167,109.243611
Banyumas Motor,"Jl. Hr. Bunyamin 7, Bancarkembar, Purwokerto",-7.406321,109.245258
New Panda,"JL YOS SUDARSO NO.37, PURWOKERTO",-7.42057,109.20114
Cv Makmur Sejahtera,"JL. SENOPATI 449 RT.001/003 DUKUH WALUH,",-7.40294,109.28468
Andi Motor,"JL.RAYA KARANG KEMIRI,KARANG LEWAS",-7.41608,109.18014
San Jaya Motor,Jl. Raya Pancasan No.233,-7.415556,109.088333
Bintang Putra,Jl. Raya 60 (depan Kecamatan Baru),-7.442576,109.107881
Rizky Motor,"DS. PAKUNCEN, AJIBARANG, PURWOKERTO",-7.36895,109.08381
Berkah Jaya Motor,Jl. Pertigaan Legok Pekuncen Bumiayu,-7.35611,109.0795
Setiawan Motor,Jl. Raya Utara 5 Banyumas,-7.513682,109.05769
Cv Putra Mandiri Persada,"JL. JEND SUPRAPTO 78, PURWOKERTO",-7.42389,109.24361
Roma Motor,Jl. Jend. Suprapto 56,-7.424065,109.243943
Kurnia Motor,JL JEND SUPRAPTO,-7.45761,109.30099
Sejahtera Motor,JL. SENOPATI NO.449 RT.001/003,-7.41461,109.26692
Wijahan Motor,"DESA KECILA RT 02 / RW 01 KEMRANJEN, BANYUMAS",-7.59346,109.31026
Wijahan Motor,Jl. Raya Kecila Kios Pasar Wijahan,-7.595278,109.318611
Hari Gemilang Lestari,"Jl. Kapt. Tendean No. 52 ,",-7.724444,109.006667
Ria Motor,Jl. Raya Pasar Kawunganten RT.001 RW.001,-7.594492,108.919351
Tunggal Motor,Jl. P Diponegoro 169 Majenang,-7.298684,108.771099
Sinar mustika motor,Jl. Pasar Gede Blok A 22,-7.73394,109.00757
Jaya motor,Jl. A. Yani No. 126,-7.738007,109.009783
Rajawali Motor,Jl. Panjaitan 8 Cilacap,-7.727111,109.005762
Hari Motor,Jl. Tendean 52 Cilacap,-7.729776,109.007222
Wella motor,Jl. Gatot Subroto 8,-7.716111,109.015
Mugi Jaya Motor,"JL. DIPONEGORO RT04/RW01, KURIPAN KIDUL, KESUGIHAN",-7.66199,109.08105
Cv Trijaya Motor Perkasa,JL. JEND. SUDIRMAN 23 RT.15/04,-7.63235,109.24738
Nusantara motor,Jl. Letjend. Suprapto No. 21-22,-7.425833,109.243333
Luberan motor,Jl. Ahmad Yani NO. 21,-7.629167,109.250278
Toko toro motor,Jln.Jend.Sudirman,-7.6326,109.2425
Harapan,Jl.Jend. Sudirman 27,-7.632508,109.247706
Nusantara Motor,Jl. Jendral Sudirman 48 Kroya,-7.63248,109.246342
Central motor,Jl. A. Yani No. 79,-7.393168,109.353737
Cv Mekar Jaya Sentosa,Jl. MT Haryono RT. 03/III,-7.388329,109.357519
Mantep Motor,"JL. BRIGJEN SUWONDO BI/C9 BOBOTSARI, PURBALINGGA",-7.30552,109.3717
Mantep Motor,"Jl. Brig Jend. Suwondo B1/C9, Ds. Majapura RT.01/3",-7.304632,109.376969
Doni Motor,"JL. RAYA DESA TIDU RT.01/01 BUKATEJA, PURBALINGGA",-7.44706,109.41319
Junior Central Ban,TIMBANG RT 16/05 KEL. TIMBANG,-7.39845,109.53764
Cv Surya Pratama Ritelindo,"PARKANCANGGAH, KEL. PARAKANCANGGAH",-7.39712,109.69526
Cv Shinta Motor Sejahtera,"KRANDEGAN, KEL. KRANDEGAN, KEC. BANJARNEGARA",-7.38684,109.69674
Surya jaya motor,Jl. Letjend Suprapto No. 73,-7.399652,109.681155
Surya Motor,Jl. Pemuda No 64 depan alun-alun,-7.401836,109.695231
"Toko "" Maju Motor ""","Jl. Letjen Suprapto 62 RT.4/VIII,",-7.399444,109.686111
Super jaya motor,Jl. Letjen Suprapto 72,-7.398889,109.690556
Jangkrik Motor,"JL. PAGENTAN DEPAN PUSKESMAS 1, BANJARNEGARA",-7.30064,109.80992
Ali Pojok Motor,JL RAYA MANDIRAJA -RAKIT RT 006/002,-7.44788,109.52278
Maju Motor,Jl. Letjend Suprapto 51 Banjarnegara,-7.398984,109.689163
Karunia Motor,"BOJANEGARA RT06/RW02, BOJANEGARA, SIGALUH",-7.4146,109.80967
Stasiun Ban Motor,JL RAYA SIGALUH DS.BRAYUT 56,-7.39495,109.76539
Kliwon Motor,Jl. A. Yani 422 Purworejo,-7.71444,110.01314
Jawa Motor,Jl. A. Yani 350 Purworejo,-7.70588,110.02153
Matahari Motor,Jl. KHA. Dahlan 28,-7.712218,110.015281
Trijaya Motor,Jl. Veteran No. 35 A Brengkelan,-7.72394,109.905864
Inti Motor,Jl. A. Yani 24,-7.71541,110.01415
Benteng Motor,Jl.Pramuka 21 Purworejo,-7.70906,110.01658
Brilliant Motor,"Jl. Kemiri Pituruh, Kerep, Purworejo",-7.73197,109.85439
Trijaya Motor,Jl. Veteran 35 Purworejo,-7.70566,110.01927
Rizqi oil,Jl. Raya Timur Karanganyar,-7.38483,111.08196
Cv Mandiri Mitra Niaga,"JALAN MAGELANG KM. 11,5",-7.62123,110.03701
Bmc Motor,Jl. P. Diponegoro 216 Kutoarjo,-7.75098,109.57363
Bengkel Anugerah Motor,Ketawang Km. 4 RT 02/02,-7.725151,110.026886
Cv Indah Motor,JL PANGERAN DIPONEGORO NO 136,-7.7231,109.90841
Cipto motor,Jl. Kemiri Tursino Purworejo,-7.67181,109.93131
Fanny motor,Jl. P. Diponegoro Katerban Kutoarjo,-7.72573,109.89903
Indah Motor,Jl. P. Diponegoro 149,-7.722687,109.909481
Abadi Motor,Timur PS Butuh Kutoarjo,-7.65267,110.47185
Indah Motor,Jl. Diponegoro 149 Kutoarjo,-7.722587,109.909654
Indah Motor Ii,"Jl. Diponegoro 177 Kutoarjo, Purworejo",-7.72093,109.91411
IndraÂ jayaÂ saktiÂ motor,Jl. Raya Mranggen No. 168,-7.026389,110.518333
Cipta Jaya Motor,Jl Kutoarjo Kebumen Km 6 Butuh Purworejo,-7.772634,109.88686
Anugrah Motor,Jl. Kutoarjo-Ketawang Rejo Rt 03/01 Grabag,-7.82052,109.90087
Omega Motor,JL. MAYJEND SUTOYO NO. 42,-7.58396,109.65732
Pemuda motor,Jl. Pemuda 17,-7.6825,109.659444
Satu Hati Motor,Jl. Raya Petanahan-Puring Km 1 Kebumen,-7.73964,109.53285
Tunggal Jaya,Jl. Pahlawan 118 Kebumen,-7.66966,109.65273
Barkah Motor,Ds. Jabres RT 02/04,-7.68565,109.618386
Satu Hati Motor,Desa Karangduwur RT.03 RW.01,-7.7375,109.586111
Cv Putra Ramayana,Jl.Raya Solo Baru CA.17,-7.598611,110.811667
Naga Mas Motor,Jl Jend Sudirman Timur No 8,-7.100278,109.328889
Toko Sepeda ¿kita¿,"Jl. Dr. Wahidin , Kutowinangun",-7.717778,109.735
Dans tech motor,Jl. Raya Prembun,-7.72373,109.80057
Toko Danstech,Jl. Raya Prembun No.39 RT.01/02,-7.680639,109.638875
Bengkel Kita,Jl. Raya Prembun 70,-7.723483,109.797557
Kusuma Jaya Motor,Jl. Raya KM 1 Desa Mrentul,-7.73285,109.81572
Kenebae motor,Jl. Yos Sudarso 483 A Kebumen,-7.60848,109.50056
Kenebae,Jl. Yos Sudarso No. 483 A,-7.683959,109.665425
Motorrent,"Jl. Sempor Baru Km 1, Tebong, Semanding, Gombong",-7.59846,109.50316
Cv. Sumber Hasil Abadi,JL. YOS SUDARSO TIMUR 168,-7.60928,109.52812
Harapan Baru Motor,Jl. Yos Sudarso No. 454A,-7.608611,109.494444
Hajir Motor,Jl.Pasar Petanahan Kebumen,-7.7392,109.53364
Morodadi Motor,Jl. Letjend Suprapto 18 Kebumen,-7.66856,109.65803
Berkah Motor,"Jl. Raya Jabres, Sruweg, Kebumen",-7.66449,109.61511
Cv Dua Saudara,"JL. GODEAN KM 6,5",-7.77546,110.3247
Berkah motor,Jl. Godean Km.4 Ngestiharjo,-7.781111,110.351111
Dena motor,"Jl. Magelang Km 18, Yogyakarta",-7.658611,110.326667
Sumber Berkat Motor,"Jl. Kebon Agung km. 8,5 Desa Mriyan",-7.656111,110.326667
Toko Surya Buana Motor,Jl. Majapahit No.2 Kel. Panjang,-7.475556,110.219722
Glory Motor,Jl. Majapahit 5b Magelang 56111,-7.479695,110.220711
Indo Motor,Jl. Sriwijaya 39C-39D,-7.480983,110.223706
Colombo Motor,Jl. A. Yani Kios PJKA 345 Magelang,-7.464156,110.222532
Glory motor,Jl. Majapahit No. 5 B / C,-7.480278,110.220556
Surya buana motor,Jl. Majapahit 2A,-7.477865,110.220689
Victori Motor,Jl. A. Yani Kios Pjka 7B,-7.464282,110.222409
Aryo Motor,Jl. Beringin IV No.17 Tidar,-7.49409,110.226748
Brilliant Motor,Jl. Raya Magelang - Purworejo Km 7 33,-7.52693,110.18817
Rejeki Motor,JL. MAGELANG – PURWOREJO KM 10 RUKO PASAR JAMBU,-7.5432,110.16602
Jetis jaya motor,Jl. Raya No. 117 Salaman,-7.714394,110.013477
"""sumber Utama"" Toko",Jl. KH.A. Dahlan No.92,-7.711667,110.015833
Inti Motor,Jl. Jend. A. Yani No.24 RT.04 RW.15,-7.709722,110.018889
Baja Teknik,Jl. Medang 13 Rejowinangun Utara Magelang,-7.481595,110.222043
Jakarta motor,Jl. Sri Suwarno No. 29,-7.315278,110.188056
52 a motor,Jl.MT Haryono 33 A,-7.315984,110.173598
Arimbi Motor,Jl. MT Haryono Temanggung,-7.315767,110.171982
Sinar Jaya Bengkel,jJl. Raya Kranggan Temanggung,-7.343524,110.21136
Cv Tasindo Daya,JL. KOSASIH NO.12 KEL. PARAKAN KAUMAN,-7.27978,110.09975
Sukadaya motor,Jl. Kosasih No. 12,-7.281944,110.099444
Fajar Motor,Jl. Diponegoro 212A,-7.286158,110.095549
Jakarta Motor Ii,Jl. Diponegoro 88 A Parakan,-7.285996,110.09508
Chandra Jaya Motor,Jl. Let Suwaji 234 Parakan,-7.279934,110.100878
Brianna Motor,JL. PAKISDADU DS. REJOSARI KEC. PRINGSURAT,-7.35616,110.29628
Metaram motor,Jl. A. Yani No. 126,-7.369167,109.900833
Pangestu motor,Jl. Resimen 18 / 103,-7.363056,109.901944
Marabunta,Jl. Kyai Muntang No. 31 Wonosobo,-7.368951,109.905214
Bahagia Motor,Jl. A. Yani 88 Wonosobo,-7.36783,109.902121
# Ria Motor,Jl. S. Parman 61 A Wonosobo,-7.361404,109.906278
Fajar motor,Jl. Diponegoro No. 212,-7.286944,110.093056
Toko Mulia Jaya,Jl. Kusuma No.77,-7.667778,109.661111
Bengkel Rafa Motor,Pandansari RT.08/02 Kertek Wonosobo,-7.388213,109.965505
Danareal Motor,JAMBUSARI RT.01/07,-7.38819,109.96242
Panorama qolbu motor,Jl.Raya Parakan No.135,-7.388516,109.965198
Panorama Qolbu Motor,Jl. Parakan No.135 Kertek,-7.369444,109.981111
Akar Mas Motor,Jl. Purworejo Km 53,-7.392565,109.965991
Putra Remaja Motor,Jl. Wetan Pasar Sapuran Wonosobo,-7.462413,109.98005
Fajar Motor,"JL LETTU SUGIARNO 32 RT2/7, MAGELANG",-7.58421,110.2868
Tugu Besi Motor,JL. PEMUDA NO. 67 RT 01 / 04,-7.58341,110.28689
Pucung Motor,JL. PEMUDA NO. 9 RT 01/09,-7.57921,110.2809
Pucung Motor,Jl. Pemuda No. 9 Desa Pucungrejo,-7.593889,110.264722
Agung Jaya Motor,Jl. Tambakan 6 Muntilan,-7.58073,110.28477
Kurnia motor,Jl. Samara Tungga 3A,-7.600788,110.209678
Sabar jaya,Jl. Brigjen . Sudiarto 105-107,-7.586497,110.825
Prima jaya motor,Jl. Kyai Mojo Baturono No. 8,-7.58493,110.830032
SionÂ motor,Jl. Yos Sudarso No. 257,-7.581389,110.820833
Inti jaya,Jl. Joko Tingkir No. 7,-7.575423,110.782531
Cv Jebres Jaya,JALAN INSINYUR SUTAMI NO. 81/83,-7.56377,110.85212
Seger Jaya,Jl. Urip Sumoharjo 123 Solo,-7.564291,110.834546
Putra Makmur Motor,Jl. Jaya Wijaya 112 Mojosongo Solo,-7.535703,110.838471
Seger Jaya Motor,Jl.Urip Sumoharjo 123,-7.564167,110.834167
Adrian Motor,Ir Juanda No. 124 Kampung Sewu Solo,-7.570486,110.846749
Dunia Motor,Jl. Gotong Royong 64 Surakarta,-7.570851,110.842063
Karisma Jaya Motor,Jl.Slamet Riyadi No.260 Rt.006/004,-7.568731,110.817815
Toko Soember Kencana,"Jl. Ahmad Yani 182,",-7.552379,110.821827
Sahabat terang motor,Jl. Jend. Sudirman 130 C,-7.67273,110.838342
Sinar naga,Jl. P. Tendean 151 Nusukan,-7.544449,110.820024
Motor Oli,Jl. Kapten Tendean 10,-7.550375,110.821811
Dokter Motor,Jl. Kolonel Sugiyono 197 Sekip Kadipiro Solo,-7.533503,110.819176
Central Sakti Agratama,"JL. PAKEL 136, BANYUANYAR, BANJARSARI, SOLO",-7.53865,110.79928
Cv Motoroli Solo,JL. ADI SUMARMO NO.183,-7.54097,110.80771
Sumber makmur,Jl. Jend Suprapto No.26,-7.551075,110.802698
Jaya mulya motor,Jl. Tangkuban Perahu 20 A,-7.540615,110.842574
Mitra Setia Motor,Jl.KH.Agus Salim No.36,-7.565833,110.793333
Gemilang Motor,"JL. YOS SUDARSO 239 PASAR KLIWON, SOLO",-7.58087,110.82092
Mantep Motor,Dan Liris Jati Cemani (Timur Perempatan Btk Keris),-7.577335,110.803534
Jaya Motor,Jl. Hasanudin 2 Pasar Nongko,-7.557956,110.814132
Mantep Motor,Jl.Muh.Yamin 42,-7.573611,110.816111
Theo Motor,JL.MUH YAMIN 52 (KAWATAN 40),-7.57699,110.81844
GemilangÂ motor,Jl. Kratonan No. 26-28,-7.580833,110.820833
Ud Barokah Jaya Motor,DESA NGURENSITI RT06/02,-6.67484,111.07284
Ud Kurnia Alam,Jl. Yos Sudarso 319 Solo,-7.3529,110.491101
Resh 2 Motor,Jl. Kebonan RT 5 RW 1 Karanggede Boyolali,-7.361237,110.644213
Sinaragung Prasadikindo,Jalan Dewi Sartika No.20 Rt.07/04,-7.557392,110.887892
Cv Dian Terang,"JL. SLAMET RIYADI NO.450 B, MAKAMHAJI",-7.60661,110.78
Ud mitra setia,Jl. Agus Salim No. 36,-7.565449,110.793475
Plasa Ban,JL.ADI SUMARMO NO.2 SINGOPURAN KARTASURA,-7.55156,110.74289
"Raja Jegos, Co",Jl. Pemuda 79 Pabelan Salatiga,-7.293178,110.51317
Kurniawan Motor,Jl. Wimbo Harsono 25 Kartasura,-7.56208,110.75784
Bintan Motor,RUKO FAJAR INDAH PERMATA II BLOK A1-08,-7.5435,110.78848
Inti Motor,GAMAWAN,-7.53737,110.75923
Serba Ada Motor,Psr.Klitikan Notoharjo Blok B No.151-156 Semanggi,-7.568889,110.822222
Toko Baru,Jl.Raya Sukowati No.235,-7.4275,111.020833
Indonesia Motor,Jl.Raya Sukowati No.281,-7.4275,111.019722
Cv Jaya Abadi Mulya,JL. RAYA SUKOWATI NO. 237,-7.42737,111.02146
Garuda Motor,JL. RAYA SUKOWATI 309 SRAGEN,-7.42639,111.27222
Cv.jaya Abadi Mulya,JL. RAYA SUKOWATI 239 SRAGEN,-7.42737,111.02147
Tri Sari,JL. RAYA SUKOWATI,-7.42811,111.01874
Bengkel mas bowo,Jl.Raya Sukowati 641,-7.429755,111.013058
Tri sari motor,Jl. Sukowati No. 199,-7.427924,111.01791
Langgeng jaya motor,Jl. W.R Supratman No. 7,-7.418421,111.037445
Putra Persada,"Jl. Solo-Sragen Km. 15,2 Gronong Sidodadi",-7.49509,110.918361
Gemolong Motor,"Dukuh Gemolong ,Gemolong",-7.395556,110.8275
Langgeng Jaya Motor,DK. NGESENG RT 17 DS. KWANGEN KEC. GELOMONG SRAGEN,-7.39622,110.82441
Santri Motor,Gardu RT.15 Ds.Sambiduwur,-7.378192,110.876163
AgungÂ jayaÂ motor,Jl. Pandanaran 43 Boyolali,-7.537222,110.605556
Wijaya Motor,Jl.Pandanaran No.12.,-7.536389,110.603056
Aj jaya motor,Jl.Pahlawan No.41,-7.540822,110.603341
Indi Motor,Jl. Cendana 17,-7.519499,110.592619
214 Motor,Jl. Pandanaran 214 Boyolali,-7.52877,110.6016
Sido mukti,Jl. Perintis Kemerdekaan No. 28,-7.568195,110.797974
PT Brajaguna Oto Mandiri,JL. PERINTIS KEMERDEKAAN,-7.31428,110.61688
Kusuma Jaya Motor,Jl. Pandanaran 305 Boyolali,-7.521389,110.598097
AgungÂ motor,Jl. Raya Ampel No. 240,-7.456111,110.546389
Tsm Variasi,"JL. CANDI AMPEL RT04/06, URUTSEWU, BOYOLALI",-7.45214,110.5489
Mbs Motor,Jl. Cempogo (Boyolali-Muntilan Km. 10),-7.514718,110.515515
Muslim Motor,Jl. Panasan Solo,-7.505047,110.746609
Inti Jaya Ii,Jl. Raya Nogosari-Simo Km. 1 Boyolali,-7.443186,110.736855
Inti Jaya,Dk.Mencil Rt.01/01 Ds.Glonggon,-7.443932,110.752343
Alam Terang,Duwet Rt.16/07 No.4,-7.371572,110.755942
Resh Motor Sport,Dk.Kacangan Rt.03 Rw.01,-7.375096,110.76776
Alam Terang Motor,"JL. DUWET NO.8 RT16/RW07, ANDONG, KARANGGEDE",-7.37191,110.75614
Resh Motor,Jl. Raya Kacangan Andong Boyolali,-7.383215,110.766562
Spirit motor,Jl. Nguter Rt. 02/06 Sukoharjo,-7.744823,110.878051
Indah Motor,Jl. Alun - Alun Timur 4 Klaten,-7.705682,110.602026
Cv Indah Berkat Sejahtera,Jl.Alun-alun Timur No.4 RT.001/002,-7.644836,110.663411
Naga mulya,Jl.Pemuda No.4,-7.698864,110.605101
Laba Laba Motor,JL HAJI SAMAN HUDI KARANGRUWET,-7.71011,110.6069
Laba-laba putra motor,Jl. Bima - Gumulan,-7.712729,110.614667
Tunas jaya motor,Jl. Diponegoro No. 47 WonoboyoPokoh,-7.812601,110.936151
Bendo Gantungan Motor,JL.SURADJI TIRTONEGORO 57,-7.71679,110.58549
Banoli,KI AGENG GRIBIG KM.2 KLATEN UTARA,-7.681389,110.605833
Banoli,Jl. Ki Ageng Gribig Km. 2 Klaten Utara,-7.681363,110.606031
KotaÂ baruÂ indah,Jl. Mayor Sunaryo No. 47,-7.688889,110.615278
Rc Motor,SEKARARUM,-7.69671,110.61558
Rajawali Motor,Jl.Yogya Solo Km.17/Kios Sidodadi 10 Prambanan,-7.754816,110.501044
Krc Motor,Jl. Manis Renggo Km. 1 Klewer Bendan Klaten,-7.695201,110.492071
Waru motor,Jl. Raya H. Selatan 11 Wedi,-7.747899,110.580008
Makmur Motor,Jl Purwodadi Wedi-Selatan Klaten,-7.753032,110.579842
Adam Motor,Banaran Munggung Karangdowo Klaten,-7.7086,110.727146
Cv Sibuana Karya Motor,JL. CEPER - MORISAN,-7.6811,110.68971
DadiÂ agung,Jl. Raya Timur Pedan,-7.695833,110.703333
Barokah Abadi,JL.PEDAN-KARANGDOWO KM.1,-7.69806,110.70555
Barokah Motor,Jetis Wetan Pedan-Kr Dowo Km 1 Pedan,-7.679829,110.836945
SinarÂ masÂ motor,JL. RAYA DELANGGU NO.202,-7.626389,110.696111
Surya Mas,Jl.Raya Delanggu Utara 63,-7.616389,110.700278
Trisari Motor,Jl.Raya Delanggu 37,-7.615662,110.700704
Sinar Mas Motor,Jl. Raya Delanggu No. 205 Delanggu Klaten,-7.626539,110.696347
Trisari Motor,Jl. Raya Utara 37 Delanggu,-7.615329,110.700729
Bima Motor,"JL.TANJUNG JUWIRING (JETAK KULON),KLATEN",-7.66568,110.75124
Sami Rejo,JL RAYA SOLO YOGYA KM18 TEGALGONDO,-7.59807,110.7034
Murah Motor Jaya,Jl Tangkilan Jatinom Klaten,-7.633214,110.602172
Murah Jaya Motor,Prapatan Tulung,-7.633097,110.601565
Mandiri Motor,Dukuh Magersari,-7.694345,110.493043
Fajar Baru Motor,Jl. Samanhudi Sukoharjo,-7.681997,110.83165
Kabul Jaya Motor,Jl. Dr. Muwardi 5 Sukoharjo,-7.682797,110.843821
Murah Jaya Motor,JL. RAYA CUPLIK-SUKOHARJO,-7.65974,110.67493
Sido Jaya Motor,Dk.Bacem Rt.01/01,-7.614023,110.818967
Candi Motor,Jl. Raya Telukan 53 Solo Suhoharjo,-7.620552,110.820957
Toko Sumber Oerip Motor,JL. RAYA GROGOL NO.41 RT03/01,-7.59915,110.81962
Jaya Sentosa Motor,NGASEM RT.02/01,-7.65364,110.88905
Rejeki Lancar,JL RAYA PALUR NO.304,-7.56669,110.86855
Cv Wahyu Mitra Motor,JL. MAYOR ACHMADI NO. 160 JETIS,-7.61144,110.88391
Febby Motor Clinic Solo,KRAGILAN RT.003/009,-7.61144,110.76296
PT Agratama Internasional Otomotif,JL.SONGGOLANGIT NO.7 RT.01/06,-7.58712,110.74123
Toko Lor Ngloji,Jl. Raya Baki ( Utara Sektor ),-7.606848,110.784644
Mt Jaya Motor,JL RAYA MANGESTI,-7.57876,110.76141
Mayang Motor,Jl. Panjang Dawung Serongan Gatak Sukoharjo,-7.5777,110.761423
Sumber makmur/smbr jd ii,Jl. A. Yani 170 B,-7.552569,110.821929
Toko Kusuma Motor,Jl.Raya Wonogiri No.214,-7.81525,110.92364
Karya Tunggal,JL. Kabupaten 49 Wonogiri,-7.811178,110.923775
Tunas Jaya Motor,Jl.Diponegoro Jatirejo Rt.01/08,-7.8125,110.936111
Tiara Motor,Jl. Raya Wonogiri 207 Wonogiri,-7.825292,110.92115
Galih Putra Motor,"Dsn. Jarum Rt 03/01, Sidoharjo, Wonogiri",-7.822544,111.067185
Natuna Motor,Jl. Lama Nambangan 9 Wonogiri,-7.75391,110.8812
Galih Motor,Lingkungan Jarum Rt.003/001,-7.824444,111.067222
Nusa mulya jaya motor,Jl. Ngaliyan - Lalung Karanganyar,-7.611381,110.947998
Padma Agung Motor,Jl. Lawu No. 245 Karang Anyar,-7.603282,110.970201
Songglong Motor,Ngalian Rt.01 Rw.01,-7.591301,110.943942
Suroboyo Motor,Jl. Sidorejo RT 09/02 Munggur Mojojenang,-7.523625,110.986504
Songglong Motor,Jl. Timur Waduk Lalung Karanganyar,-7.61819,110.947165
Tama Motor,"Jl. Lawu Jetak, Jaten, Karanganyar",-7.575279,110.887951
BaruÂ motor,Jl. A. Yani 4 A,-7.081389,110.899167
BerdikariÂ motor,JL.RAYA PURWODADI BLORA KM.2 ,-7.023333,110.89
Cv Cahaya Sakti Berjaya,Jl.R.Suprapto No.93,-7.509113,110.913905
Surabaya Motor Purwodadi,JL GAJAH MADA 77 RT 01/23,-7.08813,110.89976
Kurnia motor,Jl. Suprapto 71 Grobogan,-7.078756,110.91264
Cahaya Sakti Motor,Jl. R. Suprapto 93 Purwodadi,-7.101201,110.910421
Bintang Sembilan Motor,Jl. Diponegoro 18 Grobogan Purwodadi,-7.101201,110.910421
Baru Motor,Jl. A. Yani 4A Purwodadi,-7.009072,110.377901
Triyoso motor,Jl.Ngelorong Sidoarum Godean,-7.074185,110.883544
Sumber Makmur Motor,Jl. Honggokusuman 101 Kuwu Grobogan,-7.178458,111.215733
Berdikari Motor,"JL. RAYA PURWODADI BLORA KM2, GETASREJO, GROBOGAN",-7.07051,110.92831
Maju Motor,Jl. Bhayangkara 57,-6.943131,110.610971
Fajar Motor,Wonorejo Rt.02 Rw.10,-7.098793,110.91897
Toko Sumber Makmur,Jl.Honggokusuman 101 Rt.02 Rw.03,-7.124444,111.128333
Nayara Motor,Jl. Raya Gabus-Pati Km. 01 Rt. 1/8 Gabus,-6.823639,111.052933
Sinar Motor,Jl.Kusuma Bangsa,-7.213611,110.946667
Cv Eka Jaya Motor,Jl. Pemuda No. 37,-6.97,111.4175
Sinar Jaya,Jl.Gunung Sindoro Gg.I/05 Rt.008/002 Kel.Tempelan,-6.968333,111.416389
Cv Jaya Perkasa Motor,"JL.DR.SUTOMO 22 A,, KAB BLORA",-6.9666,111.41649
Niagara Motor,Jl. Dr. Sutomo 24,-6.966691,111.414421
Nono Motor,Jl. Gunung Sumbing 11 Blora,-6.973077,111.410053
Lancar Motor,Jl. Raya Ngawen-Blora,-6.995714,111.296873
Langgeng Rejeki,Jl. Gatot Soebroto 34 Blora,-6.970239,111.40839
Cv Eka Jaya Energi,"JL.MR ISKANDAR RT.003/RW.003, KAB BLORA",-6.97009,111.41816
Cv Karunia Jaya Motor,DS. SENDANGKLAMPOK,-6.944815,111.432046
Helix Motor,DS JEJERUK,-6.97599,111.44955
Toko Jaya Motor,Jl.Pemuda No.49,-6.97018,111.418912
Prapatan Motor,Jl. Raya Purwodadi Blora,-7.086383,111.006988
Arti Motor,Jl. Raya Ngawen 302 Dpn Indomaret,-7.017354,111.307323
Ud Lancar Maju Bersama,Kel.Ngawen RT.005/007,-6.997981,111.318498
Ud Harapan Tani Jaya,Jl. Rsu No.41 A,-7.1475,111.593056
Resmi motor,Jl. Diponegoro No. 38,-6.97168,111.413894
Sejahtera Motor,Jl.Surabaya 58 Cepu,-7.148517,111.595576
Harapan Tani Jaya,Jl. RSU 41A Cepu,-7.149127,111.590234
Putra Teknik Motor,"JL. RAYA BLORA RANDUBLATUNG KM 3, KAMOLAN BLORA",-6.99891,111.40998
Alpha Motor,JL.MR. ISKANDAR 46,-6.97602,111.41203
Karunia Jaya Motor,Sendang Klompok Desa Tempur Rejo Blora,-6.946451,111.427521
Anugerah Motor,"ya nBarat 29B, Kunduran, Blora",-7.051017,111.229785
Era Sehati,Jl. Kol Sunandar Rt. 12/03 Winong,-6.763387,110.857281
Nusantara motor,Jl. Kol sunandar 11,-6.738253,111.0235
Laksana motor,Jl. Pemuda No. 284,-6.753571,111.047345
Sjaya motor,Jl. Jend. Sudirman No. 399,-6.751895,111.04958
Varia motor,Jl. Kembang Joyo 193,-6.74973,111.027598
Kalidoro Motor,Jl. Pemuda 313,-6.752907,111.04809
Cahaya Motor,"JL. PATI - TAYU KM.6, BUMIAYU RT01/02",-6.7299,111.08255
Barokah Jaya,Jl. Pati Tayu Km. 7 Wedarijaksa,-6.726468,111.110684
Mulya Mandiri Motor,Kertomulyo Rt.003 Rw.003,-6.611944,111.064167
Mubarok Motor,Sebelah Barat Pasar Bulumanis,-6.678818,110.937103
Cv Mubarok Bersahaja,"JL. RONGGOKUSUMO NO 86 004/002, SEKARJARAK",-6.6108,111.06219
Sumber barokah motor,Jl. Ronggo Kusumo 86 Sekar jalak,-6.608263,111.058895
Ud Era Sehati,Ds.Purwokerto Rt.01 Rw.01,-6.7575,111.035278
Cv Era Matra Surya,DESA PURWOKERTO RT. 01/02 KEC. TAYU PATI,-6.74518,111.02704
Era Sehati Motor Ii,Jl. P. Diponegoro N0. 58B Tayu,-6.544879,111.044635
Anugrah Motor,Jl. Diponegoro 39 Tayu Pati,-6.718283,111.145707
Ud Chandra Motor,Desa Kedungsari RT.01/01,-6.572316,111.040879
Cv Era Matra Surya,JL.RAYA TAYU-JEPARA KM 7 CLUWAK PATI,-6.53393,110.98578
Muria Jaya Motor,"Ds. Gembong RT 01/06 Gembong , Pati",-6.708949,110.941806
Putu Wiryo Motor,"JL. DS. GEMBONG, KEC. GEMBONG, DPN SMPN1 GEMBONG",-6.70619,110.95903
Pangestu Motor,Jl. Depan Pasar Baru Kayen N0. 50-52,-6.888374,110.990341
Terang Motor,"JL. DS. KAYEN, PERTIGAAN POLSEK KAYEN, PATI",-6.88906,110.99055
Zulfiqar Motor,Depan Puskesmas Batangan Pati,-6.610518,110.685315
Rukun Mulyo Motor,Jl. Karaban Km. 10 Pati-Kayen,-6.793259,111.053624
Toko Pak Jono-guru,"Tambah Mulyo, Gabus Pati",-6.793259,111.053624
Kembar Motor Variasi,Jl. Winong-Puncak Wangi Km. 1 Rt. 1/1 Winong,-6.809141,111.102723
Sorga Motor,Jl.Jembatan Baru No.1,-6.719791,111.150412
Era Sehati I,Jl. Wr Supratman 152. Juwana Pati,-6.745027,110.207045
Bintang Motor,"Jl. Sunan Ngerang, Ruko Pasar Porda No. 15 Juwana",-6.713183,111.140118
Toko Baru Motor,Jl. Dr.Wahidin 26 A,-6.706111,111.340278
Era Motor,Jl. Ra Kartini No. 91 Rembang,-6.960639,110.440328
Mulia Motor,Jl.Yos Sudarso No.50,-6.703056,111.341389
Baru Motor,Jl. DR. Wahidin 26A Rembang,-6.735613,111.013113
Tunggal Jaya Motor,Jl. Kartini 18 Rembang,-7.097667,109.021544
Mulia Motor,Jl. Yos Sudarso 50 Rembang,-6.735613,111.013113
Antok Motor,Jl.Dr. Wahidin 1 Rembang,-6.991566,110.436641
Barokah Motor,Jl. Raya Rembang-Blora Km. 13 RT. 4/5 Sulang,-6.810453,111.380242
Hoed Motor,Jl. Rembang - Blora KM 24,-6.826842,111.387747
Finirsya Motor,"Jl. Jatirogo No. 32B, Pamotan, Rembang",-6.761921,111.489488
Dd Motor,DS.PANCUR RT.09/03 REMBANG,-6.70092,110.44712
Sumber Barokah Jaya Motor,Jl. Sedan - Pandangan KM 1 RT 02/RW 02,-7.051618,110.417507
Kurnia Motor,Dukuh Semangu Rt.004/002,-6.704695,111.448098
Bintang Rejeki Motor,Desa Karangturi Rt.04 Rw.02,-6.701647,111.446944
Dd motor,Jl Jatirogo 19,-6.70089,111.444937
Win win motor,Jl Jatirogo 44 Lasem,-6.709432,111.44862
EnggalÂ motor,Jl. Jendral Sudirman No. 149,-6.803333,110.860278
HarapanÂ motor,Jl. Jend Sudirman 137A,-6.803333,110.860278
Enggal Motor,Jl Jend Sudirman 149 Kudus,-7.913885,110.382511
Cv Mandiri Sukses Selalu,JL. A. YANI NO. 84,-6.80918,110.84136
Harmoni Motor,Jl. Veteran 24 Kudus,-6.804307,110.841615
Langgeng jaya,Jl. Jepara 486,-6.803892,110.827832
Widodo Motor,Jl. Kios Dalam Pasar Jember No. 34 Utara,-6.804641,110.829661
Bintang Motor,Jk.KH.Wahid Hasyim No.40 B,-6.810278,110.838056
Cv Toko Tresna Diesel,JL. KH AGUS SALIM 162A,-6.814722,110.844444
Cv Bangun Lancar Sejahtera,JL.KH.AGUS SALIM 146,-6.81474,110.84433
Mahkota motor,Jl. Johar No. 93,-6.944219,110.222325
Setia jaya motor,JL. Agus Salim No. 146 Kudus,-6.813742,110.844341
Champion Motor,"JL. MENUR NO. 139, KUDUS",-6.8073,110.85403
Armada Motor,Jl. Kudus-Jepara Ruko Pasar Jember,-6.86631,110.8271
Kualitas Motor,Jl. Wijaya Kusuma No. 1 Karang Bener Bae Kudus,-6.892647,110.60218
Vina Motor,DESA JURANG RT.04/03,-6.73363,110.84981
Sumber Harapan,JL JURANG UTARA PEREMPATAN GEBOG,-6.741,110.84714
Sumber Harapan,Jl. Jurang Utara Perempatan Gebog,-6.877656,109.152805
Sahabat Motor Kudus,"JL. PATIMURA NO. 1, MLATI KIDUL, JATI, KUDUS",-6.81403,110.85413
Sahabat Motor,Jl.Patimura No.99 B,-6.97634,110.43089
Anugrah Motor,Jl. Kudus-Colo Desa Piji Dawe Kudus,-6.805349,110.899924
Kharis Jaya,Jl. Raya Kudus-Pati Km 7 Hadipolo Kudus,-6.73195,110.0478
Maju Jaya Abadi,Jl.Ahmad Yani No.57 A,-6.589167,110.668056
MulyoÂ motor,Jl. Kol . Sugiono 3 - P,-6.590833,110.658333
Mulyo Motor,Jl. Kol Sugiono 2 Jepara,-6.595927,110.669969
Gosita Motor,Jl. Raya Ngabul KM 9,-6.648296,110.708465
Cahaya Teknik,Jl. Raya Kelet Barat 24 Jepara,-6.499363,110.90426
Dua Gajah Motor,Jl.Keling Kelet Jepara,-6.483522,110.868742
Anggara motor,Jl. Raya 614 Bangsri,-6.530194,110.750625
Aulia Motor,Jl.Wijaya Kusuma 98 Bangsri,-6.524142,110.765238
Cv Prima Terus Jaya,PECANGAAN KULON RT.001/001,-6.69538,110.70807
DewiÂ motor,Jl. Raya Purwogondo No. 180,-6.718889,110.716389
Krasak Motor,JL. RAYA JEPARA - KUDUS,-6.72085,110.71658
Prima motor,Jl. Depan Pasar Pecangaan No. 7,-6.669527,110.708146
Sumber Urip Motor,Jl. Raya Pecangaan Jepara,-6.691591,110.707132
Dewi Motor,Jl. Raya Purwogondo 180 Pecangaan,-6.745185,110.710199
X Pucang Motor,"JL. WELAHAN GOTRI KALIPUCANG WETAN, WELAHAN,",-6.7535,110.72471
Impala Motor,Jl. Raya Welahan 43,-6.788677,110.721651
Grace Motor,Ruko Selatan Polsek Mayong Jepara,-6.746039,110.756388
Bintang Terang,Jl. Raya Demak-Kudus No 22,-6.888827,110.644032
Family Motor,Jl. Semarang Demak Km 8 Demak,-6.947191,110.492705
Margo Motor,Jatirogo RT.001/001,-6.871599,110.618614
Ahmadi,Bulusari - Sayung (dukuh Penjor) Demak,-6.971364,110.538713
Kemat Jaya Oli,Jl.Raya Kuripan - Karangawen,-7.036775,110.553469
Revan Motor,"JL. SENGOR RT01/09, KURIPAN, KARANGAWEN, DEMAK",-7.01418,110.44836
Lingga Jaya Motor,Jl. Raya Kuripan No. 64 Demak,-7.035216,110.549204
Kemat Jaya Oli,"Jl. Raya Kuripan, Karangawen Km. 18",-6.908653,110.639842
Ayu Jaya Motor,Desa Brambang RT.03/02,-7.003441,110.58597
Dolog jaya motor,Jl.Kembang Arum 352,-7.027489,110.526347
Indra Jaya Sakti Motor,Jl Raya Mranggen 168 Mranggen,-7.027811,110.527733
Sumber Ban,JL. RAYA DEMPET DEMAK,-6.95228,110.6937
Devi motor,Jl. Raya Tambak Boyo Rt. 4/3,-7.264071,110.41872
Baraka Motor,JL. TRANGKIL RT.01/01,-6.70208,111.10191
Majapahit jaya sakti,Jl. Brigjend.Katamso 45,-6.99658,110.437468
Sinar kasih motor,Jl. Yos Sudarso No. 227,-7.578824,110.8215
Aris Motor,JL.LINGKAR RT01/01,-6.52405,110.7694
